uid,domain,text_sha256,gold,source,leaked,text_chars,n_near,n_far,max_gold_sim_near,max_gold_sim_far
clinc:0,clinc,5723f74333dd38a7,no,clinc150,0,24,63,63,0.8135,0.4043
clinc:1,clinc,718c6a4914d85fda,order checks,clinc150,0,63,63,63,0.713,0.4438
clinc:2,clinc,e33983dca177d4cc,international fees,clinc150,0,71,63,63,0.7168,0.4145
clinc:3,clinc,b9a9ed5e662c9b9d,share location,clinc150,0,34,63,63,0.6975,0.4068
clinc:4,clinc,861dbb5f539c4ed4,replacement card duration,clinc150,0,43,63,63,0.7157,0.4134
clinc:5,clinc,7ff29cc88f1cf56b,change ai name,clinc150,0,52,63,63,0.6178,0.4034
clinc:6,clinc,72189be083aacecc,date,clinc150,1,24,63,63,0.6992,0.4933
clinc:7,clinc,cf6f173d2f42d145,pto used,clinc150,0,39,63,63,0.8051,0.4528
clinc:8,clinc,ad06b71067f4ffec,damaged card,clinc150,0,39,63,63,0.7283,0.4209
clinc:9,clinc,99d85c38308677e7,gas,clinc150,0,33,63,63,0.8404,0.4832
clinc:10,clinc,f07a20bd20c41a85,calculator,clinc150,0,40,63,63,0.6157,0.4756
clinc:11,clinc,5bdceb8972a12974,who do you work for,clinc150,0,41,63,63,0.6461,0.4663
clinc:12,clinc,213c227ae6f44f34,what is your name,clinc150,1,17,63,63,0.5935,0.4556
clinc:13,clinc,9afa0b601222b10f,where are you from,clinc150,0,27,63,63,0.6646,0.4401
clinc:14,clinc,1686d6a2318b4764,report lost card,clinc150,0,48,63,63,0.7283,0.4187
clinc:15,clinc,9a92ce784fe45ef3,no,clinc150,0,11,63,63,0.8135,0.4043
clinc:16,clinc,7aa9b9d0281f39e4,mpg,clinc150,1,24,63,63,0.6536,0.4287
clinc:17,clinc,063b5fbd11ce41c0,restaurant reservation,clinc150,0,72,63,63,0.7432,0.4596
clinc:18,clinc,2e7b5d8c212e5f77,interest rate,clinc150,0,40,63,63,0.7192,0.4551
clinc:19,clinc,a3a44fb16cbbfdeb,order checks,clinc150,0,37,63,63,0.713,0.4438
clinc:20,clinc,df15dc0f4a11c0e8,meeting schedule,clinc150,0,54,63,63,0.6959,0.4232
clinc:21,clinc,aef87f38c358b392,no,clinc150,1,18,63,63,0.5629,0.4036
clinc:22,clinc,ff2755de89691b48,redeem rewards,clinc150,0,35,63,63,0.6448,0.4393
clinc:23,clinc,cfa4eff99084c680,who do you work for,clinc150,0,34,63,63,0.6541,0.4663
clinc:24,clinc,9cee463a6fe75782,roll dice,clinc150,0,49,63,63,0.6823,0.4493
clinc:25,clinc,ecf9d07590f40f1f,whisper mode,clinc150,1,43,63,63,0.5933,0.4381
clinc:26,clinc,d7f8052b2bb8056a,directions,clinc150,0,50,63,63,0.6354,0.4965
clinc:27,clinc,d349e140190309ee,uber,clinc150,1,54,63,63,0.6812,0.4788
clinc:28,clinc,65e54c6f19b4b6cf,flip coin,clinc150,0,16,63,63,0.6177,0.4367
clinc:29,clinc,9b94ce51a9e19cd7,greeting,clinc150,0,38,63,63,0.6385,0.4633
clinc:30,clinc,5de4abce1d713317,share location,clinc150,0,46,63,63,0.6975,0.4068
clinc:31,clinc,1979e93a96779cba,gas type,clinc150,0,29,63,63,0.6369,0.4369
clinc:32,clinc,0559a1bbbf150dc3,calculator,clinc150,0,21,63,63,0.6157,0.4754
clinc:33,clinc,63b7b4490f1a2002,distance,clinc150,0,54,63,63,0.6623,0.4794
clinc:34,clinc,50e7184d60a12bd9,who do you work for,clinc150,0,27,63,63,0.6513,0.4663
clinc:35,clinc,f867e7c31c59e5ca,alarm,clinc150,1,17,63,63,0.6637,0.5044
clinc:36,clinc,8122064104c6b279,weather,clinc150,1,23,63,63,0.6612,0.4805
clinc:37,clinc,8127ee195021acce,measurement conversion,clinc150,1,40,63,63,0.5895,0.4217
clinc:38,clinc,43e8690395bfadd6,travel notification,clinc150,0,76,63,63,0.7346,0.4379
clinc:39,clinc,f0f97de4aa84d42a,directions,clinc150,0,31,63,63,0.6354,0.4965
clinc:40,clinc,4040d90577d3b041,what can i ask you,clinc150,0,30,63,63,0.6125,0.4292
clinc:41,clinc,6381d309c4d6b799,whisper mode,clinc150,0,43,63,63,0.568,0.4381
clinc:42,clinc,7fc97d46a713e5bc,pto balance,clinc150,0,47,63,63,0.8015,0.4182
clinc:43,clinc,b55bd6ed494d7c51,transfer,clinc150,0,36,63,63,0.689,0.4642
clinc:44,clinc,15b611c6fba8da6a,bill balance,clinc150,0,63,63,63,0.8048,0.4489
clinc:45,clinc,faabe66060ba8d1a,carry on,clinc150,0,43,63,63,0.5566,0.4224
clinc:46,clinc,f66893b5f5ae8701,traffic,clinc150,1,33,63,63,0.7145,0.4913
clinc:47,clinc,f5b4a9936e3c6fa5,confirm reservation,clinc150,0,37,63,63,0.6642,0.4232
clinc:48,clinc,850d186f8bf3f43c,change pin,clinc150,0,42,63,63,0.5967,0.3928
clinc:49,clinc,4972cc26f7af6b06,insurance change,clinc150,0,46,63,63,0.6694,0.4245
clinc:50,clinc,d62e3bcd2c746fdf,ingredients list,clinc150,0,37,63,63,0.7322,0.4524
clinc:51,clinc,850c96ec09f5ec8e,international fees,clinc150,0,44,63,63,0.7168,0.4145
clinc:52,clinc,94b6e5c7d37940d3,timer,clinc150,1,29,63,63,0.7825,0.4781
clinc:53,clinc,c7a612402cf6eb02,make call,clinc150,0,18,63,63,0.7467,0.4483
clinc:54,clinc,2d3f01fa872d0a58,lost luggage,clinc150,0,26,63,63,0.5836,0.4063
clinc:55,clinc,e09cefccfcd6a5bd,improve credit score,clinc150,0,43,63,63,0.5618,0.4122
clinc:56,clinc,5139beb5d968be15,reset settings,clinc150,0,66,63,63,0.6393,0.4094
clinc:57,clinc,92c0d342bd1cd8dc,reminder,clinc150,1,34,63,63,0.6789,0.4494
clinc:58,clinc,6af4240467e59b81,w2,clinc150,1,27,63,63,0.6118,0.4578
clinc:59,clinc,b8099d95d9ca48ae,change user name,clinc150,0,21,63,63,0.6845,0.4178
clinc:60,clinc,18aad471b8e7e619,new card,clinc150,0,31,63,63,0.7244,0.4303
clinc:61,clinc,fbff87c6be43cdc4,whisper mode,clinc150,1,28,63,63,0.568,0.4381
clinc:62,clinc,d32efb5e4056e7ae,last maintenance,clinc150,0,40,63,63,0.7419,0.4202
clinc:63,clinc,52f93f75259d40c0,play music,clinc150,0,25,63,63,0.747,0.4415
clinc:64,clinc,3cf6d4ab760f7d10,yes,clinc150,1,24,63,63,0.8135,0.4314
clinc:65,clinc,08351d2b0281e156,cancel reservation,clinc150,0,84,63,63,0.7813,0.444
clinc:66,clinc,9475a71a4cf1d613,how old are you,clinc150,0,7,63,63,0.6094,0.4309
clinc:67,clinc,6180dd271a7cf683,tire change,clinc150,0,51,63,63,0.6292,0.414
clinc:68,clinc,3b062d6067010754,reminder,clinc150,1,21,63,63,0.6159,0.4475
clinc:69,clinc,98e5274913165352,order,clinc150,1,42,63,63,0.7117,0.5
clinc:70,clinc,e3e6a8d1cfb6a69b,transfer,clinc150,1,63,63,63,0.689,0.4642
clinc:71,clinc,61125a24f5c78f80,oil change how,clinc150,0,56,63,63,0.6014,0.4178
clinc:72,clinc,24bfd1cf8be6e5a4,change user name,clinc150,0,21,63,63,0.7472,0.4178
clinc:73,clinc,80befe9586b40658,pto request,clinc150,1,50,63,63,0.635,0.436
clinc:74,clinc,54289fda989cfae1,change pin,clinc150,0,48,63,63,0.5967,0.393
clinc:75,clinc,652358d33df6ee1e,traffic,clinc150,1,113,63,63,0.7145,0.4917
clinc:76,clinc,f8975e11352abb15,interest rate,clinc150,1,48,63,63,0.6644,0.4397
clinc:77,clinc,499eb68bdf47629a,next song,clinc150,0,35,63,63,0.6952,0.4383
clinc:78,clinc,fc71c7ab40664b29,text,clinc150,0,38,63,63,0.6459,0.4947
clinc:79,clinc,a8c32a69a1072b36,spending history,clinc150,0,32,63,63,0.6931,0.4491
clinc:80,clinc,a00af7dd0cc60182,todo list update,clinc150,0,30,63,63,0.744,0.4001
clinc:81,clinc,6853ed04963fed66,nutrition info,clinc150,1,44,63,63,0.646,0.4151
clinc:82,clinc,8a3671d25b634727,credit limit change,clinc150,0,64,63,63,0.6354,0.389
clinc:83,clinc,22a1da51ea6cad10,spending history,clinc150,0,31,63,63,0.6401,0.4491
clinc:84,clinc,045caa31fd56cace,maybe,clinc150,0,20,63,63,0.712,0.3891
clinc:85,clinc,f61cffd0804edab3,new card,clinc150,0,50,63,63,0.7244,0.4184
clinc:86,clinc,382f4f1e296ee002,tire change,clinc150,0,44,63,63,0.6292,0.414
clinc:87,clinc,89e769362d94d0ca,accept reservations,clinc150,0,47,63,63,0.7813,0.4586
clinc:88,clinc,6e8a2f0c6ce8c23f,report fraud,clinc150,0,55,63,63,0.6588,0.4396
clinc:89,clinc,2d75ec47f7638a89,change user name,clinc150,0,21,63,63,0.6414,0.4178
clinc:90,clinc,42b6ca5d6ad74b87,flight status,clinc150,0,43,63,63,0.6443,0.4262
clinc:91,clinc,f51ac59a60b55caf,goodbye,clinc150,0,32,63,63,0.628,0.4498
clinc:92,clinc,5c2d86d229d625ef,text,clinc150,1,47,63,63,0.6446,0.4947
clinc:93,clinc,8eb3d12771790f90,application status,clinc150,0,43,63,63,0.7647,0.4524
clinc:94,clinc,98bb5aca998863f5,no,clinc150,1,18,63,63,0.5131,0.4043
clinc:95,clinc,230a43ef40f869e9,bill due,clinc150,1,31,63,63,0.7306,0.4602
clinc:96,clinc,45442fd91fdea751,who do you work for,clinc150,0,32,63,63,0.6541,0.4663
clinc:97,clinc,9f0f90519bd85051,balance,clinc150,0,44,63,63,0.7274,0.5016
clinc:98,clinc,04e1d604e573dc75,bill due,clinc150,0,42,63,63,0.8048,0.4602
clinc:99,clinc,43cf3da116143b5e,lost luggage,clinc150,0,41,63,63,0.6003,0.4063
clinc:100,clinc,fc06c895031697d2,reminder update,clinc150,0,34,63,63,0.6764,0.4137
clinc:101,clinc,1ab173dfcfe6c204,bill balance,clinc150,0,40,63,63,0.7395,0.4489
clinc:102,clinc,ac8fe463cfda1740,calendar,clinc150,1,49,63,63,0.7472,0.468
clinc:103,clinc,f244d58c46213709,spelling,clinc150,0,41,63,63,0.6595,0.4931
clinc:104,clinc,5115ee4f106f8c00,user name,clinc150,0,28,63,63,0.6414,0.4714
clinc:105,clinc,1c8913903ac6a46a,recipe,clinc150,1,32,63,63,0.6642,0.4459
clinc:106,clinc,9e5fec63267fee73,next holiday,clinc150,0,25,63,63,0.6656,0.4375
clinc:107,clinc,718d9c672bfd556a,food last,clinc150,0,100,63,63,0.6367,0.4378
clinc:108,clinc,4c43b2ee8e29a9fd,confirm reservation,clinc150,0,62,63,63,0.6642,0.4232
clinc:109,clinc,1cb1eb56bc4880f7,bill due,clinc150,0,46,63,63,0.7306,0.4602
clinc:110,clinc,a04611176993c3a2,insurance,clinc150,0,61,63,63,0.725,0.4942
clinc:111,clinc,28a2b04738ec671d,definition,clinc150,0,24,63,63,0.6365,0.445
clinc:112,clinc,5989d1e1b773bfc4,definition,clinc150,0,26,63,63,0.631,0.4478
clinc:113,clinc,a09ef22d46ce3ff1,taxes,clinc150,1,35,63,63,0.7031,0.4689
clinc:114,clinc,f9dbf686c3b35468,shopping list,clinc150,0,28,63,63,0.8082,0.463
clinc:115,clinc,6766912c918636f8,payday,clinc150,0,45,63,63,0.6585,0.4777
clinc:116,clinc,cf11a8eb55ed85c5,how busy,clinc150,1,36,63,63,0.5829,0.4738
clinc:117,clinc,89955c68585ed4ad,roll dice,clinc150,0,38,63,63,0.6823,0.4493
clinc:118,clinc,6ec6de4fa62bf62b,change accent,clinc150,0,38,63,63,0.6036,0.4036
clinc:119,clinc,7dc66d0fc806164d,redeem rewards,clinc150,0,71,63,63,0.6448,0.4393
clinc:120,clinc,d78debc63b9f4502,apr,clinc150,1,48,63,63,0.6533,0.465
clinc:121,clinc,d85be1884280e6c1,traffic,clinc150,1,35,63,63,0.7145,0.4917
clinc:122,clinc,08bedd9164f509b2,exchange rate,clinc150,1,61,63,63,0.7192,0.4445
clinc:123,clinc,7948e1486c6ad3ad,how busy,clinc150,0,29,63,63,0.6927,0.4738
clinc:124,clinc,726bd5172030770a,insurance change,clinc150,0,30,63,63,0.6694,0.42
clinc:125,clinc,dbfa1aee5347aa16,pay bill,clinc150,0,69,63,63,0.817,0.4705
clinc:126,clinc,b1155559d7b27d0a,damaged card,clinc150,0,46,63,63,0.7283,0.4209
clinc:127,clinc,8a3e0d7383e62477,last maintenance,clinc150,0,38,63,63,0.7419,0.4202
clinc:128,clinc,b5b0c5c6c941eea7,whisper mode,clinc150,1,24,63,63,0.5933,0.4381
clinc:129,clinc,39252b15896bdf52,min payment,clinc150,0,51,63,63,0.7356,0.4567
clinc:130,clinc,116dfcccc98ce82a,time,clinc150,1,16,63,63,0.6442,0.4801
clinc:131,clinc,e61a33ef702cd6e8,pto used,clinc150,0,35,63,63,0.8051,0.4528
clinc:132,clinc,9cae1849c378f6f9,jump start,clinc150,0,48,63,63,0.5942,0.4499
clinc:133,clinc,d3bb12c9db299b50,change user name,clinc150,0,42,63,63,0.6845,0.4178
clinc:134,clinc,4cbd329caa7a230f,date,clinc150,1,20,63,63,0.6992,0.4933
clinc:135,clinc,206413ec1cd3f1bc,new card,clinc150,0,42,63,63,0.7244,0.4244
clinc:136,clinc,600a7f9734298d15,next song,clinc150,0,34,63,63,0.6952,0.4383
clinc:137,clinc,754660a6818982b1,credit score,clinc150,1,31,63,63,0.6301,0.4513
clinc:138,clinc,b2b044ba3a195e7d,order status,clinc150,0,39,63,63,0.7647,0.4402
clinc:139,clinc,c081cfe2152f2579,next song,clinc150,0,10,63,63,0.6832,0.4383
clinc:140,clinc,4f8a2ff543ac7303,ingredients list,clinc150,0,26,63,63,0.7322,0.4524
clinc:141,clinc,d8c1da224319b2f5,find phone,clinc150,0,21,63,63,0.6429,0.4305
clinc:142,clinc,064b4b9ab8880a0a,credit limit change,clinc150,0,51,63,63,0.664,0.389
clinc:143,clinc,f33a6ccf605655dc,calendar,clinc150,1,52,63,63,0.7472,0.468
clinc:144,clinc,e2d95729937590af,car rental,clinc150,0,53,63,63,0.6761,0.463
clinc:145,clinc,8868eea96a5aee9c,uber,clinc150,1,58,63,63,0.6812,0.4805
clinc:146,clinc,fc6b2075237a4582,restaurant suggestion,clinc150,0,45,63,63,0.6863,0.4032
clinc:147,clinc,b6b82e7fec58ad85,shopping list,clinc150,1,40,63,63,0.7162,0.4615
clinc:148,clinc,d7e9201e22a54b82,exchange rate,clinc150,0,50,63,63,0.7302,0.4445
clinc:149,clinc,bbb2b9c872086b9e,do you have pets,clinc150,0,30,63,63,0.535,0.4002
clinc:150,clinc,c6922083e776bb16,meeting schedule,clinc150,0,40,63,63,0.6895,0.4232
clinc:151,clinc,108f4776519d1008,report lost card,clinc150,0,54,63,63,0.7283,0.4207
clinc:152,clinc,11de555aadad8458,roll dice,clinc150,0,50,63,63,0.677,0.4493
clinc:153,clinc,10155d407d7a8493,what is your name,clinc150,0,18,63,63,0.6648,0.4556
clinc:154,clinc,fdb77c0b895da3c2,calendar,clinc150,0,30,63,63,0.805,0.468
clinc:155,clinc,9ef96a9c93c8ac34,book flight,clinc150,0,66,63,63,0.7085,0.4313
clinc:156,clinc,05e45a67cb4ec598,do you have pets,clinc150,0,29,63,63,0.5876,0.4002
clinc:157,clinc,941f5b89b136ad32,change language,clinc150,0,20,63,63,0.6803,0.3948
clinc:158,clinc,65dcc52a29ea78b4,cook time,clinc150,0,22,63,63,0.6973,0.412
clinc:159,clinc,d46a46886dfe6884,replacement card duration,clinc150,0,39,63,63,0.6765,0.4161
clinc:160,clinc,c0d881cf57c852b2,order status,clinc150,0,31,63,63,0.7647,0.4402
clinc:161,clinc,585f23dfdcffa71e,direct deposit,clinc150,1,27,63,63,0.7167,0.4332
clinc:162,clinc,27813f55bdb85cff,direct deposit,clinc150,1,40,63,63,0.7167,0.4332
clinc:163,clinc,151e8393e794ba17,time,clinc150,1,41,63,63,0.7825,0.4801
clinc:164,clinc,5bb49070144b1eb0,todo list,clinc150,1,30,63,63,0.732,0.465
clinc:165,clinc,7f8809fc76eb9c97,improve credit score,clinc150,0,55,63,63,0.5618,0.4121
clinc:166,clinc,804e3a4f51bfd5af,bill balance,clinc150,0,66,63,63,0.7395,0.4489
clinc:167,clinc,fe687105154e8350,flight status,clinc150,0,38,63,63,0.6443,0.4262
clinc:168,clinc,36b4e6cf434d3b77,definition,clinc150,0,22,63,63,0.7176,0.4477
clinc:169,clinc,ce76e945299aeb39,international visa,clinc150,0,32,63,63,0.7168,0.4372
clinc:170,clinc,b46af8b392bfbdcf,what are your hobbies,clinc150,0,40,63,63,0.6151,0.4297
clinc:171,clinc,cd29cef4944bb865,change accent,clinc150,0,20,63,63,0.7895,0.404
clinc:172,clinc,c2aac7e1c6b09a12,pto request status,clinc150,0,55,63,63,0.7731,0.4092
clinc:173,clinc,8a4b81fe549aebd1,gas,clinc150,1,35,63,63,0.6735,0.4832
clinc:174,clinc,e8da4d289916b274,flip coin,clinc150,0,34,63,63,0.5938,0.4323
clinc:175,clinc,eb72977c30b90ac4,improve credit score,clinc150,0,40,63,63,0.5618,0.4115
clinc:176,clinc,e8e5822cba182614,alarm,clinc150,1,30,63,63,0.6637,0.5044
clinc:177,clinc,8c9657c5f6e94227,next song,clinc150,1,33,63,63,0.6656,0.4383
clinc:178,clinc,8d2b73d6cd271a82,oil change how,clinc150,0,22,63,63,0.6014,0.4178
clinc:179,clinc,95682ce8074eb938,what are your hobbies,clinc150,0,43,63,63,0.6349,0.4336
clinc:180,clinc,0b77ec874e4057b7,accept reservations,clinc150,0,31,63,63,0.6358,0.4586
clinc:181,clinc,b657a77d8d3495aa,meal suggestion,clinc150,0,35,63,63,0.6596,0.4368
clinc:182,clinc,8c0c4e9a16e3969c,shopping list update,clinc150,0,44,63,63,0.744,0.4112
clinc:183,clinc,63be0c558b9677e0,credit score,clinc150,0,24,63,63,0.5964,0.4513
clinc:184,clinc,4fa102e09c5ebbc5,share location,clinc150,0,25,63,63,0.6975,0.4068
clinc:185,clinc,7c70fc7d16f3bc7f,pto balance,clinc150,0,42,63,63,0.7066,0.4182
clinc:186,clinc,44ce2de6f28ff83e,distance,clinc150,0,53,63,63,0.6623,0.4799
clinc:187,clinc,701a2a58d7a01dd1,alarm,clinc150,1,24,63,63,0.6637,0.5044
clinc:188,clinc,ebfd2e06630451d3,transfer,clinc150,0,68,63,63,0.689,0.4642
clinc:189,clinc,344d7968455b32cc,what song,clinc150,0,64,63,63,0.6858,0.4395
clinc:190,clinc,fb44e970f4be981b,order,clinc150,1,46,63,63,0.7117,0.5
clinc:191,clinc,2122fa707a9f7899,confirm reservation,clinc150,0,42,63,63,0.6642,0.4292
clinc:192,clinc,cd22616956d7fdbc,sync device,clinc150,0,33,63,63,0.568,0.4046
clinc:193,clinc,86649a42a1891fcb,no,clinc150,1,17,63,63,0.8135,0.4043
clinc:194,clinc,7cd366d677f0b166,repeat,clinc150,1,11,63,63,0.649,0.4554
clinc:195,clinc,e9651eeddf1c92d3,travel suggestion,clinc150,0,40,63,63,0.6711,0.3922
clinc:196,clinc,373c7fad18c74112,no,clinc150,0,18,63,63,0.8135,0.4036
clinc:197,clinc,e0d8d460d4282752,credit limit change,clinc150,0,55,63,63,0.664,0.389
clinc:198,clinc,4b00a408a8455d7c,spending history,clinc150,0,50,63,63,0.6401,0.4491
clinc:199,clinc,beccda7534c03687,fun fact,clinc150,0,31,63,63,0.5936,0.4043
goemotions:0,goemotions,ce6fea8a5dc5eab2,confusion,go_emotions,0,89,63,63,0.6593,0.4826
goemotions:1,goemotions,94381cd8605f8be2,disappointment,go_emotions,0,29,63,63,0.7799,0.491
goemotions:2,goemotions,9f704585b943690a,gratitude,go_emotions,0,24,63,63,0.6852,0.4822
goemotions:3,goemotions,e4d7d0a6dcc72739,annoyance,go_emotions,0,22,63,63,0.6951,0.4858
goemotions:4,goemotions,0b5f5e063656b0fc,disapproval,go_emotions,0,67,63,63,0.8258,0.4713
goemotions:5,goemotions,93e69cecbf192155,confusion,go_emotions,0,66,63,63,0.6593,0.4726
goemotions:6,goemotions,447ac68f025bca5f,neutral,go_emotions,0,60,63,63,0.6068,0.4605
goemotions:7,goemotions,1e175fcb31ab7923,neutral,go_emotions,0,57,63,63,0.6068,0.4605
goemotions:8,goemotions,1218d444116db30b,admiration,go_emotions,0,29,63,63,0.781,0.4919
goemotions:9,goemotions,1547409813dbe85c,neutral,go_emotions,0,48,63,63,0.6068,0.4605
goemotions:10,goemotions,93b6443d79793f28,admiration,go_emotions,0,59,63,63,0.781,0.4919
goemotions:11,goemotions,836b07b4adedb70c,neutral,go_emotions,0,94,63,63,0.6068,0.4605
goemotions:12,goemotions,04d4fc4b4a7a0b52,curiosity,go_emotions,0,128,63,63,0.7385,0.4804
goemotions:13,goemotions,c0227b1eee518c75,approval,go_emotions,0,58,63,63,0.6977,0.494
goemotions:14,goemotions,8489698c1ba14235,approval,go_emotions,0,32,63,63,0.6977,0.5021
goemotions:15,goemotions,b459561c691bc330,optimism,go_emotions,0,54,63,63,0.777,0.4944
goemotions:16,goemotions,ec819f711e428749,annoyance,go_emotions,0,36,63,63,0.7065,0.4843
goemotions:17,goemotions,130904794a9c2772,gratitude,go_emotions,0,106,63,63,0.781,0.4818
goemotions:18,goemotions,3f4b14afd2c19f22,sadness,go_emotions,0,83,63,63,0.7799,0.4792
goemotions:19,goemotions,c35dd23c64c36f69,curiosity,go_emotions,0,28,63,63,0.7385,0.4809
goemotions:20,goemotions,4d52edefc3b8971f,surprise,go_emotions,0,67,63,63,0.731,0.4904
goemotions:21,goemotions,fd383ef1a7e6a3dd,neutral,go_emotions,0,46,63,63,0.6068,0.4605
goemotions:22,goemotions,be20a454089ec199,neutral,go_emotions,0,69,63,63,0.6068,0.4605
goemotions:23,goemotions,3b43cfd439193cc7,amusement,go_emotions,0,124,63,63,0.7804,0.5033
goemotions:24,goemotions,aa951a86159125b8,neutral,go_emotions,0,60,63,63,0.6068,0.4605
goemotions:25,goemotions,a48ec4c7d8332758,neutral,go_emotions,0,15,63,63,0.6068,0.4605
goemotions:26,goemotions,d0b3068363982500,neutral,go_emotions,0,118,63,63,0.6068,0.4605
goemotions:27,goemotions,f2db47f9a405b5d3,gratitude,go_emotions,0,91,63,63,0.781,0.484
goemotions:28,goemotions,1b8301fe9e97f721,gratitude,go_emotions,0,40,63,63,0.6852,0.484
goemotions:29,goemotions,1ae4267bef5b0b33,neutral,go_emotions,0,64,63,63,0.6068,0.4605
goemotions:30,goemotions,d3592aaf15d4111a,disapproval,go_emotions,0,21,63,63,0.8258,0.4713
goemotions:31,goemotions,dc2b82a37a2d603e,amusement,go_emotions,0,84,63,63,0.7804,0.5033
goemotions:32,goemotions,6819e3c1aa9ce251,confusion,go_emotions,0,57,63,63,0.6527,0.468
goemotions:33,goemotions,3ca967686480b6c2,neutral,go_emotions,0,28,63,63,0.6068,0.4605
goemotions:34,goemotions,73b3c6f452e48895,curiosity,go_emotions,0,75,63,63,0.7385,0.4809
goemotions:35,goemotions,01f32237888d6284,annoyance,go_emotions,0,126,63,63,0.7065,0.4858
goemotions:36,goemotions,f3daa111a5da2493,neutral,go_emotions,0,48,63,63,0.6068,0.4605
goemotions:37,goemotions,d55dda6ca0b81ff2,neutral,go_emotions,0,57,63,63,0.6068,0.4605
goemotions:38,goemotions,1597775a1e0344bb,disgust,go_emotions,0,46,63,63,0.8258,0.4693
goemotions:39,goemotions,cd954db49e3dce48,neutral,go_emotions,0,46,63,63,0.6068,0.4605
goemotions:40,goemotions,8921fe46305985a0,neutral,go_emotions,0,90,63,63,0.6068,0.4605
goemotions:41,goemotions,09f8a8fbbf9fc87b,admiration,go_emotions,0,114,63,63,0.722,0.4919
goemotions:42,goemotions,cb3de11324841ac0,caring,go_emotions,0,66,63,63,0.6876,0.4817
goemotions:43,goemotions,a0e3f6b58bd0e1f6,sadness,go_emotions,0,14,63,63,0.7313,0.4792
goemotions:44,goemotions,593fb6454a8b335d,neutral,go_emotions,0,13,63,63,0.6068,0.4605
goemotions:45,goemotions,a740a5b84b384671,excitement,go_emotions,0,98,63,63,0.788,0.5004
goemotions:46,goemotions,a64d6d79d47e3b35,neutral,go_emotions,0,15,63,63,0.6068,0.4605
goemotions:47,goemotions,371c44283c7c530a,neutral,go_emotions,0,24,63,63,0.6068,0.4605
goemotions:48,goemotions,4c7f514487e06fc7,fear,go_emotions,0,119,63,63,0.7326,0.4755
goemotions:49,goemotions,224fc87af8b2f29a,pride,go_emotions,0,41,63,63,0.726,0.4841
goemotions:50,goemotions,58b1e593cf1c0161,neutral,go_emotions,0,16,63,63,0.6068,0.4605
goemotions:51,goemotions,12070b1db9666cfd,confusion,go_emotions,0,95,63,63,0.6593,0.4826
goemotions:52,goemotions,84c9140d7e8c2dc1,neutral,go_emotions,0,39,63,63,0.6068,0.4605
goemotions:53,goemotions,3e2c513b0acfa752,sadness,go_emotions,0,149,63,63,0.7799,0.4792
goemotions:54,goemotions,f880f2603dafdb9e,curiosity,go_emotions,0,44,63,63,0.7385,0.4809
goemotions:55,goemotions,2401e7feafc84172,amusement,go_emotions,0,60,63,63,0.7361,0.5033
goemotions:56,goemotions,7ee7f1c66aab67aa,neutral,go_emotions,0,68,63,63,0.6068,0.4605
goemotions:57,goemotions,1162b59fd9d9d9c7,neutral,go_emotions,0,35,63,63,0.6068,0.4605
goemotions:58,goemotions,06d5bc91f5c6b89b,love,go_emotions,0,63,63,63,0.722,0.4899
goemotions:59,goemotions,0a066451804e35c9,disappointment,go_emotions,0,43,63,63,0.731,0.4905
goemotions:60,goemotions,335e842867d9618c,curiosity,go_emotions,0,10,63,63,0.7385,0.4804
goemotions:61,goemotions,291ef4fa39f64a07,gratitude,go_emotions,0,117,63,63,0.6852,0.484
goemotions:62,goemotions,dab28ef04ccd795a,neutral,go_emotions,0,174,63,63,0.6068,0.4597
goemotions:63,goemotions,cd8e35a996eb3114,neutral,go_emotions,0,75,63,63,0.6068,0.4605
goemotions:64,goemotions,faf88f2920272714,neutral,go_emotions,0,74,63,63,0.6068,0.4605
goemotions:65,goemotions,b0456ab4288d2930,disapproval,go_emotions,0,61,63,63,0.8258,0.4713
goemotions:66,goemotions,089e359f1cb52aee,neutral,go_emotions,0,8,63,63,0.6068,0.4605
goemotions:67,goemotions,2e2d27b79bace92b,grief,go_emotions,0,22,63,63,0.686,0.4855
goemotions:68,goemotions,5d02bab562d0cff5,remorse,go_emotions,0,119,63,63,0.7151,0.4751
goemotions:69,goemotions,d3f9b93311ee8c51,caring,go_emotions,0,70,63,63,0.6876,0.4783
goemotions:70,goemotions,eb521c35773d7a03,neutral,go_emotions,0,70,63,63,0.6068,0.4605
goemotions:71,goemotions,316ff2e215c9a025,annoyance,go_emotions,0,183,63,63,0.7065,0.4858
goemotions:72,goemotions,fa9209a13ff9b10c,gratitude,go_emotions,0,75,63,63,0.6852,0.4822
goemotions:73,goemotions,00f19af488eff988,caring,go_emotions,0,29,63,63,0.6876,0.4793
goemotions:74,goemotions,f1290c002b44e985,neutral,go_emotions,0,41,63,63,0.6068,0.4605
goemotions:75,goemotions,cedbc7eccef6baf0,admiration,go_emotions,0,54,63,63,0.722,0.4919
goemotions:76,goemotions,ca346ba38b03943d,neutral,go_emotions,0,14,63,63,0.6068,0.4605
goemotions:77,goemotions,c6ab56ae25b2f35c,neutral,go_emotions,0,45,63,63,0.6068,0.4605
goemotions:78,goemotions,81b883d9335a99fd,joy,go_emotions,1,94,63,63,0.735,0.4733
goemotions:79,goemotions,af0f12daf2e8d5fa,neutral,go_emotions,0,75,63,63,0.6068,0.4605
goemotions:80,goemotions,f128c65eb9c7e47a,curiosity,go_emotions,0,12,63,63,0.7385,0.4809
goemotions:81,goemotions,21bae7793c6aafab,neutral,go_emotions,0,13,63,63,0.6068,0.4605
goemotions:82,goemotions,1d4ac3ee48af481e,neutral,go_emotions,0,76,63,63,0.6068,0.4605
goemotions:83,goemotions,54a00b444d0527dd,neutral,go_emotions,0,95,63,63,0.6068,0.4605
goemotions:84,goemotions,f05fbeaa6d713abf,sadness,go_emotions,0,134,63,63,0.7313,0.4792
goemotions:85,goemotions,95731549734d5d2f,neutral,go_emotions,0,111,63,63,0.6068,0.4605
goemotions:86,goemotions,dfb4af2612ce762a,neutral,go_emotions,0,29,63,63,0.6068,0.4605
goemotions:87,goemotions,d9deaf397752e91c,neutral,go_emotions,0,29,63,63,0.6068,0.4605
goemotions:88,goemotions,97b06ab9d9b27985,neutral,go_emotions,0,129,63,63,0.6068,0.4605
goemotions:89,goemotions,70364bced389ca70,annoyance,go_emotions,0,67,63,63,0.6951,0.4858
goemotions:90,goemotions,708ae3ffa34c5a75,confusion,go_emotions,0,96,63,63,0.6593,0.4826
goemotions:91,goemotions,5c3b524df0a205c9,optimism,go_emotions,0,40,63,63,0.777,0.494
goemotions:92,goemotions,96fe55b891bb058c,neutral,go_emotions,0,117,63,63,0.6068,0.4605
goemotions:93,goemotions,b47414c22002f558,approval,go_emotions,0,92,63,63,0.6977,0.5021
goemotions:94,goemotions,ccb6c6c05e97b03d,admiration,go_emotions,0,52,63,63,0.781,0.4919
goemotions:95,goemotions,9ae65068728b1453,fear,go_emotions,1,78,63,63,0.7326,0.474
goemotions:96,goemotions,ad603f4025b6cf85,gratitude,go_emotions,0,47,63,63,0.781,0.4818
goemotions:97,goemotions,1d20d9da09c1d787,neutral,go_emotions,0,128,63,63,0.6068,0.4605
goemotions:98,goemotions,23e62334477cece7,confusion,go_emotions,0,38,63,63,0.6593,0.4726
goemotions:99,goemotions,35cad2ee58395dc5,admiration,go_emotions,0,63,63,63,0.722,0.4919
goemotions:100,goemotions,d206863a66ef3bf0,neutral,go_emotions,0,117,63,63,0.6068,0.4605
goemotions:101,goemotions,3e427f1650dd7a07,neutral,go_emotions,0,53,63,63,0.6068,0.4605
goemotions:102,goemotions,7582446230ea01bf,gratitude,go_emotions,0,21,63,63,0.781,0.4832
goemotions:103,goemotions,d4e6649dd83c4914,neutral,go_emotions,0,126,63,63,0.6068,0.4605
goemotions:104,goemotions,8bce2247bdf8d7ae,neutral,go_emotions,0,142,63,63,0.6068,0.4605
goemotions:105,goemotions,330792e78964247c,disapproval,go_emotions,0,43,63,63,0.7746,0.4713
goemotions:106,goemotions,8cf35ca70c810438,joy,go_emotions,0,58,63,63,0.7331,0.4733
goemotions:107,goemotions,3aea94a2cd98b575,love,go_emotions,1,32,63,63,0.722,0.4899
goemotions:108,goemotions,c3692c9df7fe6332,confusion,go_emotions,0,81,63,63,0.6593,0.4826
goemotions:109,goemotions,092a9740a6507256,neutral,go_emotions,0,101,63,63,0.6068,0.4605
goemotions:110,goemotions,c7083f070f7090fa,anger,go_emotions,0,19,63,63,0.7973,0.4866
goemotions:111,goemotions,006a657cceffaeb5,curiosity,go_emotions,0,120,63,63,0.7385,0.4809
goemotions:112,goemotions,14f5128c494a71d5,neutral,go_emotions,0,81,63,63,0.6068,0.4605
goemotions:113,goemotions,4132425cbd96ac80,realization,go_emotions,0,57,63,63,0.6847,0.4781
goemotions:114,goemotions,dab9ffd6e8b0e8ba,desire,go_emotions,0,72,63,63,0.7385,0.4832
goemotions:115,goemotions,f2b0af075e7bf8d6,amusement,go_emotions,0,79,63,63,0.7804,0.5029
goemotions:116,goemotions,9f99b400294a98d6,neutral,go_emotions,0,73,63,63,0.6068,0.4605
goemotions:117,goemotions,d838d7ddbdad4f16,disgust,go_emotions,0,96,63,63,0.8258,0.4693
goemotions:118,goemotions,34954c16a89c97d6,annoyance,go_emotions,0,112,63,63,0.7065,0.4858
goemotions:119,goemotions,9e898463563b6727,love,go_emotions,1,68,63,63,0.722,0.4899
goemotions:120,goemotions,7385b824dacf2105,neutral,go_emotions,0,44,63,63,0.575,0.4605
goemotions:121,goemotions,8d21a5cfb601c44d,caring,go_emotions,0,28,63,63,0.6876,0.4817
goemotions:122,goemotions,2cb6fa87af7ecf41,disapproval,go_emotions,0,55,63,63,0.672,0.4713
goemotions:123,goemotions,4fb5a892ad57014d,joy,go_emotions,0,84,63,63,0.788,0.4733
goemotions:124,goemotions,455e4ed61ed6614c,realization,go_emotions,0,35,63,63,0.6847,0.4785
goemotions:125,goemotions,38706fe6c0986cf2,sadness,go_emotions,0,17,63,63,0.7313,0.4792
goemotions:126,goemotions,b6c33d6fb44697f7,annoyance,go_emotions,0,67,63,63,0.7065,0.4858
goemotions:127,goemotions,3b96ea7542cd1818,anger,go_emotions,0,16,63,63,0.7973,0.4866
goemotions:128,goemotions,425c3387ae9bc2c0,neutral,go_emotions,0,23,63,63,0.6068,0.4605
goemotions:129,goemotions,5283675c47405ccc,disgust,go_emotions,1,137,63,63,0.7788,0.4693
goemotions:130,goemotions,18767c97ae8f3684,neutral,go_emotions,0,146,63,63,0.6068,0.4605
goemotions:131,goemotions,72d4a7950ef74d8a,neutral,go_emotions,0,44,63,63,0.6068,0.4605
goemotions:132,goemotions,c741f9db446cfbe7,disapproval,go_emotions,0,40,63,63,0.8258,0.465
goemotions:133,goemotions,e157d92a12fdbf6d,disgust,go_emotions,0,78,63,63,0.8258,0.4693
goemotions:134,goemotions,88321f2b9323e3d5,curiosity,go_emotions,0,42,63,63,0.7385,0.4809
goemotions:135,goemotions,12d1493b8fe372b9,neutral,go_emotions,0,155,63,63,0.6068,0.4605
goemotions:136,goemotions,b5b474f0e1a1db8c,confusion,go_emotions,0,45,63,63,0.6593,0.4826
goemotions:137,goemotions,8ce34c7827853d6e,neutral,go_emotions,0,120,63,63,0.6068,0.4605
goemotions:138,goemotions,e0fbd78b961563a5,anger,go_emotions,0,13,63,63,0.7973,0.4868
goemotions:139,goemotions,6a2cb1a5d3250761,amusement,go_emotions,0,12,63,63,0.7804,0.5048
goemotions:140,goemotions,bce986a8f9ef853b,neutral,go_emotions,0,6,63,63,0.6068,0.4605
goemotions:141,goemotions,9b40730163fc3e1b,amusement,go_emotions,0,78,63,63,0.7804,0.5029
goemotions:142,goemotions,9de23974e54a1399,disapproval,go_emotions,0,63,63,63,0.8258,0.4679
goemotions:143,goemotions,6124f021c47ae36f,embarrassment,go_emotions,0,39,63,63,0.708,0.4824
goemotions:144,goemotions,c62d610fdf41c78a,neutral,go_emotions,0,92,63,63,0.6068,0.4605
goemotions:145,goemotions,166ff7d66069ec4e,neutral,go_emotions,0,113,63,63,0.6068,0.4605
goemotions:146,goemotions,554981d73a6c147e,approval,go_emotions,0,112,63,63,0.6892,0.5021
goemotions:147,goemotions,b73506600a702e62,amusement,go_emotions,0,63,63,63,0.7361,0.5048
goemotions:148,goemotions,74575e69e4eb092d,fear,go_emotions,0,45,63,63,0.7326,0.4759
goemotions:149,goemotions,39066c5ebe31750a,neutral,go_emotions,0,41,63,63,0.6068,0.4605
goemotions:150,goemotions,3fdbcad0ac7ad2cf,curiosity,go_emotions,0,28,63,63,0.7385,0.4809
goemotions:151,goemotions,68c6a168f84d67d8,neutral,go_emotions,0,128,63,63,0.6068,0.4605
goemotions:152,goemotions,9b137c04792d224c,neutral,go_emotions,0,31,63,63,0.6068,0.4605
goemotions:153,goemotions,a34a21fc648a9d93,neutral,go_emotions,0,63,63,63,0.6068,0.4605
goemotions:154,goemotions,9a2e23e1c197c78e,desire,go_emotions,0,41,63,63,0.7192,0.4803
goemotions:155,goemotions,74b435ca88d36544,caring,go_emotions,0,82,63,63,0.6876,0.4785
goemotions:156,goemotions,0e8f1bae20647bbb,excitement,go_emotions,0,46,63,63,0.7804,0.5004
goemotions:157,goemotions,e1d89c3793d24f44,annoyance,go_emotions,0,20,63,63,0.6656,0.4858
goemotions:158,goemotions,a4bd4f8408c2dd00,gratitude,go_emotions,0,28,63,63,0.781,0.4832
goemotions:159,goemotions,c249b734086920ce,neutral,go_emotions,0,22,63,63,0.6068,0.4605
goemotions:160,goemotions,7c54061bf1c9148d,neutral,go_emotions,0,67,63,63,0.6068,0.4605
goemotions:161,goemotions,c689bb28b3fd7cd2,amusement,go_emotions,0,73,63,63,0.7804,0.5012
goemotions:162,goemotions,87274961c24dda1c,caring,go_emotions,0,102,63,63,0.6876,0.477
goemotions:163,goemotions,0cb08fe9e4dea5e6,annoyance,go_emotions,0,58,63,63,0.6961,0.4858
goemotions:164,goemotions,e77844e6bb619ccb,joy,go_emotions,0,79,63,63,0.788,0.4733
goemotions:165,goemotions,5ad36eda21883385,remorse,go_emotions,0,59,63,63,0.7151,0.4751
goemotions:166,goemotions,4ef6890638999fc0,neutral,go_emotions,0,8,63,63,0.6068,0.4605
goemotions:167,goemotions,78c93465aa09ff75,neutral,go_emotions,0,19,63,63,0.6068,0.4605
goemotions:168,goemotions,71ca03890b4585d4,neutral,go_emotions,0,119,63,63,0.6068,0.4605
goemotions:169,goemotions,3e497b92035e082f,optimism,go_emotions,0,69,63,63,0.777,0.4944
goemotions:170,goemotions,26e35f2679bcc38a,neutral,go_emotions,0,37,63,63,0.6068,0.4605
goemotions:171,goemotions,1183961fbcbd9ae2,realization,go_emotions,0,78,63,63,0.6847,0.4781
goemotions:172,goemotions,2eb13bb5ff4ec7f9,neutral,go_emotions,0,103,63,63,0.6068,0.4605
goemotions:173,goemotions,a5c484c4432f2684,neutral,go_emotions,0,58,63,63,0.6068,0.4605
goemotions:174,goemotions,1d68ae98138f64d5,realization,go_emotions,0,69,63,63,0.6847,0.4781
goemotions:175,goemotions,8c45a40dc47f1f07,disgust,go_emotions,1,17,63,63,0.8258,0.4693
goemotions:176,goemotions,29cffa3c0c779b46,disapproval,go_emotions,0,93,63,63,0.6807,0.465
goemotions:177,goemotions,0c386ab3f7bfe745,neutral,go_emotions,0,101,63,63,0.6068,0.4605
goemotions:178,goemotions,433bd1370e1b1429,neutral,go_emotions,0,37,63,63,0.6068,0.4605
goemotions:179,goemotions,cb78f090d748e788,neutral,go_emotions,0,49,63,63,0.6068,0.4605
goemotions:180,goemotions,f375c4049faa4f5d,confusion,go_emotions,0,126,63,63,0.6593,0.4826
goemotions:181,goemotions,eac14c98d7b1fd25,curiosity,go_emotions,0,101,63,63,0.7385,0.4809
goemotions:182,goemotions,960d6b9eb9388fef,neutral,go_emotions,0,16,63,63,0.6068,0.4605
goemotions:183,goemotions,afe7dd80d9fa9260,amusement,go_emotions,0,91,63,63,0.7804,0.5033
goemotions:184,goemotions,bae31406e85efadf,approval,go_emotions,0,53,63,63,0.6977,0.5021
goemotions:185,goemotions,d13f4d274289a739,amusement,go_emotions,0,128,63,63,0.7804,0.5029
goemotions:186,goemotions,b480a11cfd97465f,relief,go_emotions,0,40,63,63,0.6741,0.4847
goemotions:187,goemotions,95dfe234bbd4d3f2,confusion,go_emotions,0,21,63,63,0.6593,0.4826
goemotions:188,goemotions,4f3031c4d893a0b6,optimism,go_emotions,0,120,63,63,0.777,0.4944
goemotions:189,goemotions,6f1d726da09f21c2,neutral,go_emotions,0,131,63,63,0.6068,0.4605
goemotions:190,goemotions,d055a9f91c265a09,disapproval,go_emotions,0,44,63,63,0.6807,0.4713
goemotions:191,goemotions,411054c3c14b06f6,surprise,go_emotions,0,12,63,63,0.731,0.4904
goemotions:192,goemotions,239ed22d2a373d91,nervousness,go_emotions,0,58,63,63,0.7121,0.4496
goemotions:193,goemotions,40ab28d4e17c5b47,neutral,go_emotions,0,89,63,63,0.6068,0.4605
goemotions:194,goemotions,2a02cb90125e3acf,curiosity,go_emotions,0,129,63,63,0.7385,0.4809
goemotions:195,goemotions,f13f31bb0bec6f01,desire,go_emotions,0,87,63,63,0.7385,0.4803
goemotions:196,goemotions,18a8e2f2cdfea1d7,gratitude,go_emotions,0,27,63,63,0.781,0.4832
goemotions:197,goemotions,c4257246f281f467,neutral,go_emotions,0,46,63,63,0.6068,0.4605
goemotions:198,goemotions,f58c9e3da51325a5,disapproval,go_emotions,0,50,63,63,0.8258,0.4713
goemotions:199,goemotions,00bc58a464b58473,sadness,go_emotions,0,37,63,63,0.7799,0.4792
fintopic:0,fintopic,2050ff974f4a43e5,fed or central banks,fin_topics,0,154,63,63,0.6669,0.4298
fintopic:1,fintopic,4a0098b2e6a99302,markets,fin_topics,0,227,63,63,0.6875,0.4944
fintopic:2,fintopic,bc25f977885610ca,stock commentary,fin_topics,0,108,63,63,0.7029,0.4423
fintopic:3,fintopic,58937018ae9e5dfa,company or product news,fin_topics,0,102,63,63,0.7207,0.4404
fintopic:4,fintopic,2d6b19348639751d,financials,fin_topics,0,91,63,63,0.7118,0.5083
fintopic:5,fintopic,bcf27224073df93f,financials,fin_topics,0,102,63,63,0.7118,0.5083
fintopic:6,fintopic,854c71f85fda065d,m&a or investments,fin_topics,0,88,63,63,0.6876,0.4531
fintopic:7,fintopic,d298d2248e719200,stock movement,fin_topics,0,115,63,63,0.7076,0.4085
fintopic:8,fintopic,307dee9064d649f5,financials,fin_topics,0,102,63,63,0.7118,0.5083
fintopic:9,fintopic,b7b3967d7516c320,macro,fin_topics,0,196,63,63,0.6056,0.4811
fintopic:10,fintopic,8b0e2bc532b7851c,stock commentary,fin_topics,0,101,63,63,0.6974,0.4455
fintopic:11,fintopic,8aba663039953d85,company or product news,fin_topics,0,82,63,63,0.7207,0.4406
fintopic:12,fintopic,0f8536137ed4e652,general news or opinion,fin_topics,0,109,63,63,0.7219,0.4792
fintopic:13,fintopic,3430bb741f75c710,fed or central banks,fin_topics,0,219,63,63,0.6953,0.4285
fintopic:14,fintopic,02a1abff81051fdc,energy or oil,fin_topics,0,146,63,63,0.7006,0.463
fintopic:15,fintopic,3fa94c86f66059b9,company or product news,fin_topics,0,91,63,63,0.7207,0.4404
fintopic:16,fintopic,e46bc44c7c235250,stock commentary,fin_topics,0,135,63,63,0.6974,0.4549
fintopic:17,fintopic,d2f7bfa1d739471b,personnel change,fin_topics,0,154,63,63,0.661,0.4628
fintopic:18,fintopic,ea023016b7389627,fed or central banks,fin_topics,0,157,63,63,0.6953,0.4304
fintopic:19,fintopic,8a033b546c2a9338,stock movement,fin_topics,0,56,63,63,0.621,0.4085
fintopic:20,fintopic,dcc45d9fc16771e8,macro,fin_topics,0,212,63,63,0.6056,0.4813
fintopic:21,fintopic,90bbb4e9a9763126,general news or opinion,fin_topics,0,163,63,63,0.7219,0.4792
fintopic:22,fintopic,51beb5db583a8fd0,macro,fin_topics,0,154,63,63,0.6056,0.4813
fintopic:23,fintopic,e1d653b10cf38a31,politics,fin_topics,0,120,63,63,0.7084,0.5045
fintopic:24,fintopic,fa17453ab5f1af1b,fed or central banks,fin_topics,0,115,63,63,0.6953,0.4296
fintopic:25,fintopic,a334bb363a89309e,financials,fin_topics,0,107,63,63,0.7118,0.5083
fintopic:26,fintopic,c73fe2878add855b,company or product news,fin_topics,0,130,63,63,0.7207,0.4404
fintopic:27,fintopic,f14035d8b66094bc,company or product news,fin_topics,0,126,63,63,0.7207,0.4404
fintopic:28,fintopic,8cfe39e2c78fb80b,financials,fin_topics,0,89,63,63,0.7118,0.5083
fintopic:29,fintopic,b2c924ca1bb947f2,general news or opinion,fin_topics,0,199,63,63,0.7219,0.4764
fintopic:30,fintopic,5000ae55c7374b4e,earnings,fin_topics,1,109,63,63,0.7253,0.5025
fintopic:31,fintopic,4d852486e9daa680,company or product news,fin_topics,0,174,63,63,0.7207,0.4404
fintopic:32,fintopic,d508c169d839f86d,company or product news,fin_topics,0,162,63,63,0.7107,0.4406
fintopic:33,fintopic,ec985553520ddfd1,macro,fin_topics,0,113,63,63,0.6056,0.4822
fintopic:34,fintopic,969c9d444bd003ce,stock commentary,fin_topics,0,45,63,63,0.7029,0.4423
fintopic:35,fintopic,d52fc02a16a91d28,macro,fin_topics,0,132,63,63,0.6056,0.4813
fintopic:36,fintopic,17f864bc2995560b,macro,fin_topics,0,171,63,63,0.6056,0.4811
fintopic:37,fintopic,2cb5b606c3bbb821,energy or oil,fin_topics,0,100,63,63,0.7006,0.4561
fintopic:38,fintopic,e9342e59e8993ee3,macro,fin_topics,0,138,63,63,0.6056,0.4813
fintopic:39,fintopic,2f310ccaa64cd97b,stock commentary,fin_topics,0,33,63,63,0.7029,0.4423
fintopic:40,fintopic,4f972d90fc8460b5,stock commentary,fin_topics,0,111,63,63,0.7029,0.4423
fintopic:41,fintopic,3a1d8d5dca4d1ee2,earnings,fin_topics,0,121,63,63,0.7253,0.5025
fintopic:42,fintopic,fd69f5fe2a0ee325,fed or central banks,fin_topics,0,183,63,63,0.6953,0.4298
fintopic:43,fintopic,d6a02bf80d2aff80,politics,fin_topics,0,159,63,63,0.7084,0.5045
fintopic:44,fintopic,bef10d0437603f29,fed or central banks,fin_topics,0,114,63,63,0.6953,0.4324
fintopic:45,fintopic,ee699250a295b721,currencies,fin_topics,1,250,63,63,0.6763,0.4751
fintopic:46,fintopic,16bace01c10c73a3,financials,fin_topics,0,108,63,63,0.7118,0.5083
fintopic:47,fintopic,9fd7b912e286ecaa,company or product news,fin_topics,0,195,63,63,0.7207,0.4406
fintopic:48,fintopic,09107d0a2db451ec,fed or central banks,fin_topics,0,108,63,63,0.6669,0.4285
fintopic:49,fintopic,b3d333fbd6172504,personnel change,fin_topics,0,191,63,63,0.661,0.4628
fintopic:50,fintopic,4df051b69c696d84,macro,fin_topics,0,111,63,63,0.6056,0.4813
fintopic:51,fintopic,79c5dc2bd74f709d,financials,fin_topics,0,128,63,63,0.7118,0.5083
fintopic:52,fintopic,f9fc0a7b407c3477,analyst update,fin_topics,0,125,63,63,0.7029,0.459
fintopic:53,fintopic,b38f97a4bdb606b6,stock commentary,fin_topics,0,142,63,63,0.6974,0.4455
fintopic:54,fintopic,463f9903f0859f62,general news or opinion,fin_topics,0,209,63,63,0.7219,0.4792
fintopic:55,fintopic,50a01b5515444e4e,company or product news,fin_topics,0,176,63,63,0.7207,0.4406
fintopic:56,fintopic,c84418ed497d8cf5,legal or regulation,fin_topics,0,184,63,63,0.7433,0.4812
fintopic:57,fintopic,69af464238fa2c09,company or product news,fin_topics,0,121,63,63,0.7207,0.4406
fintopic:58,fintopic,6df25484f0c329d1,energy or oil,fin_topics,0,168,63,63,0.7006,0.463
fintopic:59,fintopic,4e611e168c895009,politics,fin_topics,0,236,63,63,0.7084,0.5045
fintopic:60,fintopic,0d47a3be94799067,company or product news,fin_topics,0,101,63,63,0.7207,0.4408
fintopic:61,fintopic,ed09481a4a58b136,fed or central banks,fin_topics,0,108,63,63,0.6953,0.4304
fintopic:62,fintopic,ed56967be470ee14,markets,fin_topics,0,146,63,63,0.6875,0.4944
fintopic:63,fintopic,fd8b5a9c41522a81,fed or central banks,fin_topics,0,138,63,63,0.6669,0.4363
fintopic:64,fintopic,2d2cca3b0cbb9666,analyst update,fin_topics,0,94,63,63,0.6524,0.4378
fintopic:65,fintopic,67013fc57f57b853,earnings,fin_topics,0,129,63,63,0.7253,0.5025
fintopic:66,fintopic,c8d9e209ea7319fb,m&a or investments,fin_topics,0,134,63,63,0.6876,0.4523
fintopic:67,fintopic,e1b6a5d528610b74,stock commentary,fin_topics,0,57,63,63,0.7029,0.4423
fintopic:68,fintopic,938868bb0692ec11,company or product news,fin_topics,0,84,63,63,0.7207,0.4408
fintopic:69,fintopic,c88beb42e1d992ba,stock movement,fin_topics,0,190,63,63,0.7076,0.4085
fintopic:70,fintopic,bf7548872b35da75,company or product news,fin_topics,0,141,63,63,0.7207,0.4406
fintopic:71,fintopic,5172a020519b3bef,financials,fin_topics,0,84,63,63,0.7118,0.5083
fintopic:72,fintopic,5e26409a94efef14,company or product news,fin_topics,0,47,63,63,0.7207,0.4404
fintopic:73,fintopic,6fd5362b4b3d53b7,earnings,fin_topics,0,113,63,63,0.7253,0.5025
fintopic:74,fintopic,af8c56d0ec16002b,company or product news,fin_topics,0,108,63,63,0.7207,0.4404
fintopic:75,fintopic,bb0587d57b3859b8,politics,fin_topics,0,172,63,63,0.7084,0.5045
fintopic:76,fintopic,bb610a981cc81270,company or product news,fin_topics,0,93,63,63,0.7207,0.4404
fintopic:77,fintopic,1e4e619d51650cd0,treasuries or corporate debt,fin_topics,0,85,63,63,0.6953,0.4301
fintopic:78,fintopic,68702b19fb7b0a27,macro,fin_topics,0,170,63,63,0.6056,0.4822
fintopic:79,fintopic,3a9736b124b3db0e,personnel change,fin_topics,0,114,63,63,0.661,0.4628
fintopic:80,fintopic,8276c3c049ee2711,stock commentary,fin_topics,0,13,63,63,0.7029,0.4423
fintopic:81,fintopic,ce43c767a6c44f7d,fed or central banks,fin_topics,0,190,63,63,0.6953,0.4324
fintopic:82,fintopic,f892882e0dfb3687,stock commentary,fin_topics,0,131,63,63,0.7029,0.4455
fintopic:83,fintopic,541d2db888b39749,macro,fin_topics,0,141,63,63,0.6056,0.4822
fintopic:84,fintopic,41d79f6035de6fa7,m&a or investments,fin_topics,0,130,63,63,0.6876,0.4523
fintopic:85,fintopic,bd4068546212762b,general news or opinion,fin_topics,0,136,63,63,0.7219,0.4792
fintopic:86,fintopic,18a209e06d9ceb72,company or product news,fin_topics,0,87,63,63,0.7107,0.4453
fintopic:87,fintopic,dc48c8531a664b8a,general news or opinion,fin_topics,0,89,63,63,0.7219,0.4792
fintopic:88,fintopic,ad28bc1ed1fe0d82,stock commentary,fin_topics,0,24,63,63,0.7029,0.4423
fintopic:89,fintopic,8581bae2e064dd8a,treasuries or corporate debt,fin_topics,0,173,63,63,0.6953,0.4301
fintopic:90,fintopic,a5793d35f2cb5669,treasuries or corporate debt,fin_topics,0,208,63,63,0.6876,0.4301
fintopic:91,fintopic,345c676b52565d3d,earnings,fin_topics,1,144,63,63,0.7253,0.5025
fintopic:92,fintopic,ec9fcc077631cda7,stock commentary,fin_topics,0,117,63,63,0.6974,0.4423
fintopic:93,fintopic,aeaab78f5f401fae,stock commentary,fin_topics,0,156,63,63,0.6502,0.4423
fintopic:94,fintopic,59febb0857f80c51,company or product news,fin_topics,0,114,63,63,0.7207,0.4453
fintopic:95,fintopic,29a59e526dfa1470,markets,fin_topics,1,308,63,63,0.6875,0.4944
fintopic:96,fintopic,f0d492eb0132a61d,ipo,fin_topics,1,232,63,63,0.6489,0.4657
fintopic:97,fintopic,9a13238210866429,macro,fin_topics,0,151,63,63,0.6056,0.4822
fintopic:98,fintopic,1b2c106955c0dfbd,stock commentary,fin_topics,0,64,63,63,0.7029,0.4549
fintopic:99,fintopic,2db98783a4013042,analyst update,fin_topics,0,90,63,63,0.6524,0.4378
fintopic:100,fintopic,150b92df7cab1766,stock movement,fin_topics,0,112,63,63,0.7022,0.411
fintopic:101,fintopic,0451956daa97cf8f,company or product news,fin_topics,0,103,63,63,0.7207,0.4404
fintopic:102,fintopic,a27f786aa0670059,company or product news,fin_topics,0,185,63,63,0.7207,0.4406
fintopic:103,fintopic,f14681e5c4a7f1cc,company or product news,fin_topics,0,134,63,63,0.7207,0.4406
fintopic:104,fintopic,0464c3c6c3f36ee5,m&a or investments,fin_topics,0,92,63,63,0.6876,0.4531
fintopic:105,fintopic,0647339c6d2f938c,energy or oil,fin_topics,0,194,63,63,0.7006,0.463
fintopic:106,fintopic,ccb1b90e3b610f17,legal or regulation,fin_topics,0,216,63,63,0.7433,0.4812
fintopic:107,fintopic,53a5e4c31882f9e4,stock movement,fin_topics,0,118,63,63,0.7076,0.4085
fintopic:108,fintopic,6b77290fc213ebcf,markets,fin_topics,0,63,63,63,0.6875,0.4944
fintopic:109,fintopic,7356b087d3292dad,stock commentary,fin_topics,0,85,63,63,0.7029,0.4423
fintopic:110,fintopic,3ba3173554b349b7,financials,fin_topics,0,117,63,63,0.7118,0.5083
fintopic:111,fintopic,ae7fde4415ed2558,stock commentary,fin_topics,0,90,63,63,0.6502,0.4423
fintopic:112,fintopic,5faef2023dc44da1,stock commentary,fin_topics,0,28,63,63,0.7029,0.4423
fintopic:113,fintopic,832998108effa5e8,company or product news,fin_topics,0,107,63,63,0.7207,0.4397
fintopic:114,fintopic,10c59cd795385491,macro,fin_topics,0,215,63,63,0.6056,0.4813
fintopic:115,fintopic,d1f960774bc55a7a,markets,fin_topics,1,91,63,63,0.6875,0.4944
fintopic:116,fintopic,2daffc096fb37f83,macro,fin_topics,0,170,63,63,0.6056,0.4813
fintopic:117,fintopic,51959362bee44cf3,politics,fin_topics,0,195,63,63,0.7084,0.5045
fintopic:118,fintopic,70cfc49a20f16e16,macro,fin_topics,0,212,63,63,0.6056,0.4813
fintopic:119,fintopic,4f61e77ee8c99a07,politics,fin_topics,0,119,63,63,0.7084,0.5045
fintopic:120,fintopic,44b7c721300d0679,general news or opinion,fin_topics,0,213,63,63,0.7219,0.4792
fintopic:121,fintopic,ce07353c7f43e9bf,politics,fin_topics,0,182,63,63,0.7084,0.5045
fintopic:122,fintopic,566ad6f5bb33e7c1,macro,fin_topics,0,191,63,63,0.6056,0.4822
fintopic:123,fintopic,26fe225c55352256,company or product news,fin_topics,0,84,63,63,0.7207,0.4408
fintopic:124,fintopic,637ba27756e63ada,macro,fin_topics,0,147,63,63,0.6056,0.4811
fintopic:125,fintopic,3d0234bac3dee2c3,company or product news,fin_topics,0,126,63,63,0.7207,0.4404
fintopic:126,fintopic,c375e1e8a90178f6,stock commentary,fin_topics,0,160,63,63,0.7022,0.4423
fintopic:127,fintopic,a20fbd1d6e79672a,politics,fin_topics,0,115,63,63,0.6818,0.5045
fintopic:128,fintopic,e6cb2c50fb5401ea,company or product news,fin_topics,0,125,63,63,0.7207,0.4397
fintopic:129,fintopic,742c3d4ae56c6324,personnel change,fin_topics,0,110,63,63,0.661,0.4628
fintopic:130,fintopic,4703ffee10736abd,stock commentary,fin_topics,0,111,63,63,0.6974,0.4423
fintopic:131,fintopic,9766ab565d37b2ad,stock commentary,fin_topics,0,97,63,63,0.7029,0.4455
fintopic:132,fintopic,5f06bdf337638efc,legal or regulation,fin_topics,0,99,63,63,0.7433,0.4812
fintopic:133,fintopic,4557cf8cd79cdb9e,general news or opinion,fin_topics,0,226,63,63,0.7219,0.4764
fintopic:134,fintopic,8419346253550a41,stock commentary,fin_topics,0,106,63,63,0.7029,0.4423
fintopic:135,fintopic,708c242fbc4acd40,stock movement,fin_topics,0,120,63,63,0.7076,0.4085
fintopic:136,fintopic,5b5923db522681c4,company or product news,fin_topics,0,121,63,63,0.7207,0.4404
fintopic:137,fintopic,64db4770a3d09038,company or product news,fin_topics,0,126,63,63,0.7207,0.4406
fintopic:138,fintopic,4c47eef7b6bb5a7c,stock movement,fin_topics,0,104,63,63,0.7022,0.4085
fintopic:139,fintopic,e67c6323e2e02004,company or product news,fin_topics,0,277,63,63,0.7207,0.4397
fintopic:140,fintopic,ee054bb552a674a6,stock commentary,fin_topics,0,92,63,63,0.6502,0.4423
fintopic:141,fintopic,d6d707f19de4ab54,earnings,fin_topics,1,125,63,63,0.7253,0.5025
fintopic:142,fintopic,1165ced438fa4adc,energy or oil,fin_topics,0,135,63,63,0.7006,0.463
fintopic:143,fintopic,6b8e05040e63c111,fed or central banks,fin_topics,0,281,63,63,0.6953,0.4285
fintopic:144,fintopic,0518431d85bd22e3,company or product news,fin_topics,0,120,63,63,0.7207,0.4404
fintopic:145,fintopic,e34dc38374d38917,company or product news,fin_topics,0,163,63,63,0.7207,0.4406
fintopic:146,fintopic,19bb72f7d4add731,legal or regulation,fin_topics,0,126,63,63,0.7433,0.4812
fintopic:147,fintopic,0bc660ee37542739,legal or regulation,fin_topics,0,247,63,63,0.7433,0.4812
fintopic:148,fintopic,ebcd3c3b39ae18e1,macro,fin_topics,0,192,63,63,0.6056,0.4813
fintopic:149,fintopic,7fb48778e3ea076f,energy or oil,fin_topics,0,202,63,63,0.6396,0.463
fintopic:150,fintopic,3dfe488db63cf644,general news or opinion,fin_topics,0,163,63,63,0.7219,0.4792
fintopic:151,fintopic,00de495714bc2c21,company or product news,fin_topics,0,154,63,63,0.7207,0.4404
fintopic:152,fintopic,9d6db02d6df4d4a8,company or product news,fin_topics,0,141,63,63,0.7207,0.4404
fintopic:153,fintopic,23d30a27f14602d8,earnings,fin_topics,0,125,63,63,0.7253,0.5025
fintopic:154,fintopic,487e242b4a2af13c,macro,fin_topics,0,178,63,63,0.6056,0.4813
fintopic:155,fintopic,41ed55747595c12e,stock commentary,fin_topics,0,45,63,63,0.7029,0.4423
fintopic:156,fintopic,f5f174f81a9a47a0,energy or oil,fin_topics,0,126,63,63,0.7006,0.463
fintopic:157,fintopic,e490a60ad6a3a9ad,company or product news,fin_topics,0,161,63,63,0.7207,0.4453
fintopic:158,fintopic,e5f513bb76ced5dd,earnings,fin_topics,0,126,63,63,0.7253,0.5025
fintopic:159,fintopic,d7205c2eff2626f2,stock commentary,fin_topics,0,234,63,63,0.6974,0.4423
fintopic:160,fintopic,1aa2c9455267caea,company or product news,fin_topics,0,108,63,63,0.7207,0.4397
fintopic:161,fintopic,7c14cba67a2f64d4,dividend,fin_topics,0,112,63,63,0.6775,0.4782
fintopic:162,fintopic,6e9f7783107f85c0,general news or opinion,fin_topics,0,109,63,63,0.7219,0.4792
fintopic:163,fintopic,2f098782e2aed5c3,company or product news,fin_topics,0,207,63,63,0.7207,0.4408
fintopic:164,fintopic,8c9870bf97dbd63a,financials,fin_topics,0,116,63,63,0.7118,0.5083
fintopic:165,fintopic,37331411153efaf0,company or product news,fin_topics,0,72,63,63,0.7207,0.4404
fintopic:166,fintopic,6fdeb3cfb231be09,general news or opinion,fin_topics,0,122,63,63,0.7219,0.4792
fintopic:167,fintopic,bb96dc6fec930e3b,politics,fin_topics,0,221,63,63,0.7084,0.5045
fintopic:168,fintopic,453d9d2a810bf9fc,stock commentary,fin_topics,0,125,63,63,0.7029,0.4423
fintopic:169,fintopic,eeafecce5b2b84d2,stock movement,fin_topics,0,87,63,63,0.7076,0.4085
fintopic:170,fintopic,933b8162950d3a85,energy or oil,fin_topics,0,192,63,63,0.7006,0.463
fintopic:171,fintopic,6250163d1072e6fd,dividend,fin_topics,1,87,63,63,0.6775,0.4782
fintopic:172,fintopic,21eb563b6be86bc2,company or product news,fin_topics,0,122,63,63,0.7207,0.4397
fintopic:173,fintopic,79da5629b9cb921c,earnings,fin_topics,1,125,63,63,0.7253,0.5025
fintopic:174,fintopic,4ef72a84d22af171,macro,fin_topics,0,131,63,63,0.6056,0.4836
fintopic:175,fintopic,3fcc7a49312a5907,stock commentary,fin_topics,0,124,63,63,0.6502,0.4423
fintopic:176,fintopic,09022f81cf133dd4,company or product news,fin_topics,0,83,63,63,0.7207,0.4397
fintopic:177,fintopic,cf66b8a9c7149c8d,analyst update,fin_topics,0,115,63,63,0.6524,0.459
fintopic:178,fintopic,bc7744ff00f0ae81,analyst update,fin_topics,0,137,63,63,0.6524,0.459
fintopic:179,fintopic,10fe7bf4de09fa45,macro,fin_topics,0,55,63,63,0.6056,0.4845
fintopic:180,fintopic,2c7c5478362d4ca5,fed or central banks,fin_topics,0,148,63,63,0.6953,0.4285
fintopic:181,fintopic,1d30e6a0eb5bf1a3,stock commentary,fin_topics,0,17,63,63,0.7029,0.4423
fintopic:182,fintopic,eebc07c82a573518,macro,fin_topics,0,210,63,63,0.6056,0.4813
fintopic:183,fintopic,7dbcc0cbf29b25ad,general news or opinion,fin_topics,0,90,63,63,0.7219,0.4792
fintopic:184,fintopic,c175293280198ded,macro,fin_topics,0,119,63,63,0.6056,0.4813
fintopic:185,fintopic,18b6f87dc6c8cea5,m&a or investments,fin_topics,0,146,63,63,0.6876,0.4531
fintopic:186,fintopic,c5f3e2320f55b212,company or product news,fin_topics,0,138,63,63,0.7207,0.4406
fintopic:187,fintopic,c5c7833da8146b2b,politics,fin_topics,0,143,63,63,0.7084,0.5045
fintopic:188,fintopic,b8033c86bbb865ed,energy or oil,fin_topics,0,108,63,63,0.7006,0.463
fintopic:189,fintopic,b9a0365f4d07705c,dividend,fin_topics,1,88,63,63,0.6775,0.4801
fintopic:190,fintopic,e5ce15fc6ef79919,politics,fin_topics,0,115,63,63,0.6818,0.5045
fintopic:191,fintopic,d21b66ac9e28b35c,earnings,fin_topics,0,151,63,63,0.7253,0.5025
fintopic:192,fintopic,0fe7e41e24c649a3,general news or opinion,fin_topics,0,160,63,63,0.7219,0.4792
fintopic:193,fintopic,92c4227bc8c08ad1,macro,fin_topics,0,197,63,63,0.6056,0.4813
fintopic:194,fintopic,8df1f2e385c4f26b,company or product news,fin_topics,0,91,63,63,0.7207,0.4406
fintopic:195,fintopic,975ee3dc6f09a034,legal or regulation,fin_topics,0,129,63,63,0.7433,0.4812
fintopic:196,fintopic,e17ca7a047281e33,macro,fin_topics,0,223,63,63,0.6056,0.4811
fintopic:197,fintopic,518e091985a3aecc,legal or regulation,fin_topics,0,186,63,63,0.7433,0.4812
fintopic:198,fintopic,6c0fe3c6429295aa,earnings,fin_topics,1,257,63,63,0.7253,0.5025
fintopic:199,fintopic,122ede064c3cb8a9,energy or oil,fin_topics,0,90,63,63,0.7006,0.463
dbpedia:0,dbpedia,373141142c5b2c79,musical work,dbpedia_l2,0,271,63,63,0.8192,0.452
dbpedia:1,dbpedia,9cefacc3e6f72cfc,person,dbpedia_l2,0,761,63,63,0.6904,0.4924
dbpedia:2,dbpedia,f9a9c6e1b46aff1e,sports team season,dbpedia_l2,0,861,63,63,0.8033,0.4082
dbpedia:3,dbpedia,a5ed8a2b2e18ba8e,sport facility,dbpedia_l2,0,377,63,63,0.7592,0.4081
dbpedia:4,dbpedia,2f02b1cca2753c82,animal,dbpedia_l2,0,483,63,63,0.7241,0.461
dbpedia:5,dbpedia,fd53e6dd753e39a3,cleric,dbpedia_l2,0,2241,63,63,0.6925,0.4778
dbpedia:6,dbpedia,931b5639f393a2ab,athlete,dbpedia_l2,0,238,63,63,0.7476,0.4374
dbpedia:7,dbpedia,367ad9f12db815ee,coach,dbpedia_l2,1,562,63,63,0.7432,0.4867
dbpedia:8,dbpedia,6941499ff30cbfd6,sports manager,dbpedia_l2,0,1430,63,63,0.7518,0.4383
dbpedia:9,dbpedia,1b2087e74319f6ed,athlete,dbpedia_l2,0,1412,63,63,0.7476,0.4375
dbpedia:10,dbpedia,ef64a0111b0b7672,infrastructure,dbpedia_l2,0,131,63,63,0.7283,0.5129
dbpedia:11,dbpedia,e6a04c1d8a509eea,cleric,dbpedia_l2,0,320,63,63,0.671,0.4778
dbpedia:12,dbpedia,f23c272d24289cc3,olympics,dbpedia_l2,0,786,63,63,0.7515,0.4634
dbpedia:13,dbpedia,6283180e608c474f,musical work,dbpedia_l2,0,168,63,63,0.8192,0.452
dbpedia:14,dbpedia,5f56d0f58260da2d,sports team,dbpedia_l2,0,269,63,63,0.8475,0.445
dbpedia:15,dbpedia,bcfd69909cc882b0,sports event,dbpedia_l2,0,321,63,63,0.8197,0.4257
dbpedia:16,dbpedia,870c5ec777edf6b8,athlete,dbpedia_l2,0,1434,63,63,0.7476,0.4375
dbpedia:17,dbpedia,6fe053d6696d25d9,person,dbpedia_l2,0,114,63,63,0.6904,0.4924
dbpedia:18,dbpedia,0bf85ea4d4d6b084,winter sport player,dbpedia_l2,0,1092,63,63,0.7373,0.4077
dbpedia:19,dbpedia,690801550b3f3cd0,plant,dbpedia_l2,0,249,63,63,0.6084,0.435
dbpedia:20,dbpedia,43c9a39ef086fb70,cleric,dbpedia_l2,0,134,63,63,0.6925,0.4778
dbpedia:21,dbpedia,65fd2c7252b14854,musical work,dbpedia_l2,0,1268,63,63,0.8192,0.4553
dbpedia:22,dbpedia,fc79d8fbfba59da2,sports team,dbpedia_l2,0,231,63,63,0.8197,0.445
dbpedia:23,dbpedia,599f46c606067971,clerical administrative region,dbpedia_l2,0,222,63,63,0.6218,0.4393
dbpedia:24,dbpedia,57de0820add8a30f,athlete,dbpedia_l2,0,537,63,63,0.7476,0.4375
dbpedia:25,dbpedia,2b7fa256e634c861,sports team,dbpedia_l2,0,232,63,63,0.8475,0.445
dbpedia:26,dbpedia,f0855ef59990142d,person,dbpedia_l2,1,112,63,63,0.6904,0.4924
dbpedia:27,dbpedia,5c0608e6f43fa7a2,politician,dbpedia_l2,0,1163,63,63,0.7275,0.4742
dbpedia:28,dbpedia,3cb9919204141180,athlete,dbpedia_l2,0,411,63,63,0.7476,0.4374
dbpedia:29,dbpedia,c18bb6eee191dc4f,genre,dbpedia_l2,0,1003,63,63,0.68,0.4943
dbpedia:30,dbpedia,cdf8a94f11cb5ad9,building,dbpedia_l2,0,120,63,63,0.6738,0.4522
dbpedia:31,dbpedia,b1dc1e1cb446ea28,athlete,dbpedia_l2,0,116,63,63,0.7476,0.4375
dbpedia:32,dbpedia,7e71d480152bb175,race,dbpedia_l2,1,424,63,63,0.732,0.5111
dbpedia:33,dbpedia,322d9cc03cf99477,periodical literature,dbpedia_l2,0,516,63,63,0.6771,0.456
dbpedia:34,dbpedia,d51ad66ae1ab34e3,broadcaster,dbpedia_l2,0,401,63,63,0.7884,0.4844
dbpedia:35,dbpedia,056f6c5bca8da713,amusement park attraction,dbpedia_l2,0,285,63,63,0.7033,0.4618
dbpedia:36,dbpedia,0e3c9724ea9b912c,building,dbpedia_l2,1,262,63,63,0.6302,0.4514
dbpedia:37,dbpedia,c7a15ab760f766ca,person,dbpedia_l2,0,962,63,63,0.6904,0.4924
dbpedia:38,dbpedia,a797625a9d0906c2,sport facility,dbpedia_l2,0,268,63,63,0.7592,0.4081
dbpedia:39,dbpedia,c8f47121897755fc,clerical administrative region,dbpedia_l2,0,107,63,63,0.6218,0.4393
dbpedia:40,dbpedia,d052d80195736da4,station,dbpedia_l2,1,199,63,63,0.6865,0.4982
dbpedia:41,dbpedia,4a3d24cf61f70c95,cartoon,dbpedia_l2,0,454,63,63,0.7531,0.4967
dbpedia:42,dbpedia,4c426662d96bab5d,musical work,dbpedia_l2,0,288,63,63,0.8192,0.4407
dbpedia:43,dbpedia,4c6ab909f38d3430,sports manager,dbpedia_l2,0,1947,63,63,0.7518,0.4399
dbpedia:44,dbpedia,f75cf21cb82a8c43,artist,dbpedia_l2,0,296,63,63,0.8172,0.4672
dbpedia:45,dbpedia,d7595e8beb685989,educational institution,dbpedia_l2,0,184,63,63,0.6355,0.4326
dbpedia:46,dbpedia,e2d4ed77a264313c,cleric,dbpedia_l2,0,638,63,63,0.671,0.4778
dbpedia:47,dbpedia,24f363e7ee8a4ff1,animal,dbpedia_l2,0,145,63,63,0.7241,0.461
dbpedia:48,dbpedia,42a5b176fa553f39,athlete,dbpedia_l2,0,731,63,63,0.7476,0.4398
dbpedia:49,dbpedia,906da70ef32036da,organisation,dbpedia_l2,0,833,63,63,0.7665,0.5074
dbpedia:50,dbpedia,405996b544b1a62d,winter sport player,dbpedia_l2,0,1432,63,63,0.7373,0.4077
dbpedia:51,dbpedia,7f5b18fddc6435f3,comic,dbpedia_l2,1,790,63,63,0.7308,0.5001
dbpedia:52,dbpedia,136a9b62d07caf57,comic,dbpedia_l2,0,432,63,63,0.815,0.5005
dbpedia:53,dbpedia,3621f038c22b1d7e,athlete,dbpedia_l2,0,108,63,63,0.7476,0.439
dbpedia:54,dbpedia,2d7fe17dd3cc325b,winter sport player,dbpedia_l2,0,266,63,63,0.7373,0.4077
dbpedia:55,dbpedia,d29a4732c58931a4,person,dbpedia_l2,0,196,63,63,0.6904,0.4924
dbpedia:56,dbpedia,7f4e0f163f091833,satellite,dbpedia_l2,1,357,63,63,0.6664,0.4879
dbpedia:57,dbpedia,b0ebe9efb0063c6c,tower,dbpedia_l2,1,880,63,63,0.7237,0.5109
dbpedia:58,dbpedia,cd65fa81aab3bb28,politician,dbpedia_l2,1,186,63,63,0.7275,0.476
dbpedia:59,dbpedia,dd918e97671cc7ff,football league season,dbpedia_l2,0,740,63,63,0.8033,0.4242
dbpedia:60,dbpedia,0e803317efc50f4e,celestial body,dbpedia_l2,0,1100,63,63,0.6115,0.4266
dbpedia:61,dbpedia,26215cf9078402b3,sports league,dbpedia_l2,0,541,63,63,0.8475,0.4279
dbpedia:62,dbpedia,1e6cd4774c141209,cleric,dbpedia_l2,0,278,63,63,0.671,0.4778
dbpedia:63,dbpedia,b4fe571d35a61d47,eukaryote,dbpedia_l2,0,540,63,63,0.6177,0.4396
dbpedia:64,dbpedia,e3367f7355dfd0e9,group,dbpedia_l2,1,580,63,63,0.7248,0.4831
dbpedia:65,dbpedia,47e019f1cf2d53eb,football league season,dbpedia_l2,0,127,63,63,0.7244,0.4242
dbpedia:66,dbpedia,47a6e45019d067c4,satellite,dbpedia_l2,0,1396,63,63,0.6664,0.4879
dbpedia:67,dbpedia,737c0b288c7816a8,station,dbpedia_l2,1,153,63,63,0.6865,0.4993
dbpedia:68,dbpedia,faf8b240ec9cf499,plant,dbpedia_l2,0,201,63,63,0.6084,0.4354
dbpedia:69,dbpedia,82b80ed506aba5d0,building,dbpedia_l2,0,178,63,63,0.6738,0.4522
dbpedia:70,dbpedia,8ad2c957c4bb13c7,software,dbpedia_l2,1,648,63,63,0.6461,0.466
dbpedia:71,dbpedia,f75a357b3f9b18c4,winter sport player,dbpedia_l2,0,172,63,63,0.7373,0.4077
dbpedia:72,dbpedia,eb4333c2cdcc9cf7,written work,dbpedia_l2,0,487,63,63,0.7009,0.4355
dbpedia:73,dbpedia,0bfbb3f947e4f7ed,animal,dbpedia_l2,0,212,63,63,0.7241,0.461
dbpedia:74,dbpedia,49445f0a76482a58,settlement,dbpedia_l2,0,341,63,63,0.6863,0.5044
dbpedia:75,dbpedia,4ad077aa3ce7f682,athlete,dbpedia_l2,0,1972,63,63,0.7476,0.4372
dbpedia:76,dbpedia,bb52b0f4b87d72a4,station,dbpedia_l2,1,213,63,63,0.6865,0.4993
dbpedia:77,dbpedia,4608ffc1f7dbe62a,organisation,dbpedia_l2,0,111,63,63,0.7665,0.5067
dbpedia:78,dbpedia,70f69d41d5265d56,athlete,dbpedia_l2,0,109,63,63,0.7351,0.4361
dbpedia:79,dbpedia,85e2c99c99eb79fb,tournament,dbpedia_l2,1,506,63,63,0.788,0.5156
dbpedia:80,dbpedia,5119584599116e3f,athlete,dbpedia_l2,0,377,63,63,0.7476,0.4374
dbpedia:81,dbpedia,d98f6c64583925f2,natural place,dbpedia_l2,0,552,63,63,0.6781,0.4063
dbpedia:82,dbpedia,809103b6293fed13,football league season,dbpedia_l2,0,94,63,63,0.7244,0.4242
dbpedia:83,dbpedia,5629d34886dc5f14,infrastructure,dbpedia_l2,0,317,63,63,0.7409,0.5129
dbpedia:84,dbpedia,14089c1f2e83ef6c,amusement park attraction,dbpedia_l2,0,766,63,63,0.7033,0.4618
dbpedia:85,dbpedia,45d2c4ff3e1e3a99,broadcaster,dbpedia_l2,0,480,63,63,0.7443,0.4844
dbpedia:86,dbpedia,c59cc8e149b29747,educational institution,dbpedia_l2,0,941,63,63,0.6355,0.4326
dbpedia:87,dbpedia,9fb1c1eb1c390ac1,olympics,dbpedia_l2,1,121,63,63,0.6962,0.4634
dbpedia:88,dbpedia,133c52fff2eb2927,company,dbpedia_l2,0,926,63,63,0.6851,0.4738
dbpedia:89,dbpedia,d97bc279bd6494b8,sports team season,dbpedia_l2,0,400,63,63,0.8125,0.4082
dbpedia:90,dbpedia,9e1161da1a50a372,natural place,dbpedia_l2,0,193,63,63,0.6781,0.4063
dbpedia:91,dbpedia,5965ff93db2226e2,animal,dbpedia_l2,0,132,63,63,0.7241,0.461
dbpedia:92,dbpedia,7d191b1d36bf8fcf,company,dbpedia_l2,0,382,63,63,0.6851,0.4742
dbpedia:93,dbpedia,45b70f37089f9c9f,natural place,dbpedia_l2,0,917,63,63,0.6781,0.4069
dbpedia:94,dbpedia,4fd689deed872d8a,building,dbpedia_l2,0,299,63,63,0.6738,0.4522
dbpedia:95,dbpedia,bbff6e282ceaf7ee,athlete,dbpedia_l2,0,527,63,63,0.7351,0.4374
dbpedia:96,dbpedia,dd16ea79a13cb7f8,organisation,dbpedia_l2,1,1225,63,63,0.7105,0.5074
dbpedia:97,dbpedia,f202779fd370b8ce,group,dbpedia_l2,0,607,63,63,0.7248,0.4821
dbpedia:98,dbpedia,4ecb3238bbf4d2bc,horse,dbpedia_l2,1,872,63,63,0.6768,0.4976
dbpedia:99,dbpedia,336fa4ff597e9569,organisation,dbpedia_l2,0,168,63,63,0.7105,0.5074
dbpedia:100,dbpedia,8838b0fb97633d4e,educational institution,dbpedia_l2,0,1724,63,63,0.6355,0.4326
dbpedia:101,dbpedia,e7aff4609c2689f7,stream,dbpedia_l2,1,1297,63,63,0.6696,0.4758
dbpedia:102,dbpedia,17e5d4db25d9466f,building,dbpedia_l2,0,215,63,63,0.6738,0.4514
dbpedia:103,dbpedia,33f60df02a36c2f8,sports manager,dbpedia_l2,0,387,63,63,0.7518,0.4399
dbpedia:104,dbpedia,ffdb178665af2a7d,building,dbpedia_l2,0,407,63,63,0.6738,0.4514
dbpedia:105,dbpedia,a170d833cc17e748,animal,dbpedia_l2,0,203,63,63,0.6429,0.461
dbpedia:106,dbpedia,f7fd4bce877d2623,group,dbpedia_l2,0,1194,63,63,0.7248,0.4831
dbpedia:107,dbpedia,8609e6c1b94e0ec5,cleric,dbpedia_l2,0,131,63,63,0.6925,0.4778
dbpedia:108,dbpedia,9b6d2c0b1ed41b67,tournament,dbpedia_l2,1,319,63,63,0.7323,0.5151
dbpedia:109,dbpedia,c5aa6c2762ce0892,sports team,dbpedia_l2,0,1612,63,63,0.8475,0.445
dbpedia:110,dbpedia,2a5d91b82b0aee8b,organisation,dbpedia_l2,0,594,63,63,0.7665,0.5067
dbpedia:111,dbpedia,06ee8593f9acce25,athlete,dbpedia_l2,0,1382,63,63,0.7476,0.4374
dbpedia:112,dbpedia,023cdc178a9c30e0,person,dbpedia_l2,0,216,63,63,0.6904,0.4924
dbpedia:113,dbpedia,a83aac753c25e98f,sport facility,dbpedia_l2,0,795,63,63,0.749,0.4081
dbpedia:114,dbpedia,2402f72167ef527b,person,dbpedia_l2,0,520,63,63,0.6904,0.4924
dbpedia:115,dbpedia,925372225e864608,coach,dbpedia_l2,1,316,63,63,0.7432,0.4876
dbpedia:116,dbpedia,94fecc8d4da3ddb8,football league season,dbpedia_l2,0,513,63,63,0.7244,0.4242
dbpedia:117,dbpedia,9adba9a3307bb797,company,dbpedia_l2,0,541,63,63,0.6851,0.4742
dbpedia:118,dbpedia,a9176cb2886e0028,tower,dbpedia_l2,0,95,63,63,0.7237,0.5109
dbpedia:119,dbpedia,e7f8182b04b12b1a,person,dbpedia_l2,0,299,63,63,0.6904,0.4924
dbpedia:120,dbpedia,709ba41ce6bee9ee,sports team,dbpedia_l2,0,513,63,63,0.8475,0.445
dbpedia:121,dbpedia,d7142ee3d8ad23a0,organisation,dbpedia_l2,0,395,63,63,0.7665,0.5067
dbpedia:122,dbpedia,c70ca38349fcc4c3,horse,dbpedia_l2,1,491,63,63,0.6768,0.4976
dbpedia:123,dbpedia,e6d414176a85b6a1,settlement,dbpedia_l2,0,773,63,63,0.6863,0.5044
dbpedia:124,dbpedia,915bb17d74d2922b,cleric,dbpedia_l2,0,546,63,63,0.671,0.4778
dbpedia:125,dbpedia,ae147a70b00f62e3,company,dbpedia_l2,1,784,63,63,0.6851,0.4739
dbpedia:126,dbpedia,b9b8012358032fed,broadcaster,dbpedia_l2,0,731,63,63,0.7884,0.4844
dbpedia:127,dbpedia,61066612929823f5,athlete,dbpedia_l2,0,96,63,63,0.7351,0.4375
dbpedia:128,dbpedia,e84affa0f1b687aa,stream,dbpedia_l2,0,363,63,63,0.6696,0.4769
dbpedia:129,dbpedia,7fa5a9e9cc4715f4,settlement,dbpedia_l2,0,242,63,63,0.6863,0.5047
dbpedia:130,dbpedia,d0b57d7858458db3,building,dbpedia_l2,0,100,63,63,0.6738,0.4522
dbpedia:131,dbpedia,a31a8edbe7c7bc71,artist,dbpedia_l2,0,637,63,63,0.8172,0.4673
dbpedia:132,dbpedia,8c6771dc97729657,athlete,dbpedia_l2,0,523,63,63,0.7476,0.4374
dbpedia:133,dbpedia,41e5948ab2ad9191,musical work,dbpedia_l2,0,566,63,63,0.8192,0.4553
dbpedia:134,dbpedia,5d33f7316d4cead5,football league season,dbpedia_l2,0,2189,63,63,0.8033,0.4242
dbpedia:135,dbpedia,0643bc00b935a75c,gridiron football player,dbpedia_l2,0,610,63,63,0.7176,0.394
dbpedia:136,dbpedia,c5d9fc0f7fc9b930,broadcaster,dbpedia_l2,0,910,63,63,0.7884,0.4858
dbpedia:137,dbpedia,0adf6a2295700bba,person,dbpedia_l2,0,1122,63,63,0.6904,0.4924
dbpedia:138,dbpedia,713ad191718d96e1,broadcaster,dbpedia_l2,1,1151,63,63,0.7443,0.4855
dbpedia:139,dbpedia,80c8707742573214,clerical administrative region,dbpedia_l2,0,192,63,63,0.6218,0.4393
dbpedia:140,dbpedia,c7ca31298f17dddd,cleric,dbpedia_l2,0,320,63,63,0.671,0.4778
dbpedia:141,dbpedia,8ed81d9a2db27915,athlete,dbpedia_l2,0,234,63,63,0.7476,0.4375
dbpedia:142,dbpedia,f3d81a4f6f60ef67,company,dbpedia_l2,1,1289,63,63,0.6851,0.4739
dbpedia:143,dbpedia,83d576178432b774,organisation,dbpedia_l2,0,126,63,63,0.7665,0.5067
dbpedia:144,dbpedia,6fd53a0b533f85c9,societal event,dbpedia_l2,0,145,63,63,0.75,0.4855
dbpedia:145,dbpedia,a0085340b4e7e1e8,politician,dbpedia_l2,0,112,63,63,0.7275,0.4719
dbpedia:146,dbpedia,7f683e684894876b,societal event,dbpedia_l2,0,1969,63,63,0.75,0.4699
dbpedia:147,dbpedia,96c3f275045c3253,athlete,dbpedia_l2,0,1539,63,63,0.7476,0.439
dbpedia:148,dbpedia,b3bcee40f93990e8,educational institution,dbpedia_l2,0,966,63,63,0.6355,0.4326
dbpedia:149,dbpedia,0d1c3acc8f9feb13,building,dbpedia_l2,0,948,63,63,0.6738,0.4514
dbpedia:150,dbpedia,7480aaf4f78d5f42,societal event,dbpedia_l2,0,215,63,63,0.75,0.4855
dbpedia:151,dbpedia,38b51999f43deb19,societal event,dbpedia_l2,0,578,63,63,0.75,0.4855
dbpedia:152,dbpedia,e007a11cfd22f779,athlete,dbpedia_l2,0,178,63,63,0.7476,0.44
dbpedia:153,dbpedia,12e003e79ce9991f,societal event,dbpedia_l2,0,1300,63,63,0.75,0.4699
dbpedia:154,dbpedia,0eed0e44c5c84728,company,dbpedia_l2,0,616,63,63,0.6851,0.4739
dbpedia:155,dbpedia,da1ecfbd1c7b0f4e,broadcaster,dbpedia_l2,0,122,63,63,0.7884,0.4855
dbpedia:156,dbpedia,7ea5306c2443eadc,coach,dbpedia_l2,1,480,63,63,0.7432,0.4867
dbpedia:157,dbpedia,3dbcd570d9fe35f0,athlete,dbpedia_l2,0,141,63,63,0.7476,0.439
dbpedia:158,dbpedia,fa714b6a8e412b0d,sports league,dbpedia_l2,0,394,63,63,0.8475,0.428
dbpedia:159,dbpedia,c7c5bd7a68039918,musical work,dbpedia_l2,0,1264,63,63,0.8192,0.452
dbpedia:160,dbpedia,b378435c0c98e9f9,person,dbpedia_l2,0,986,63,63,0.6904,0.4924
dbpedia:161,dbpedia,8655ef63b4d8e45d,politician,dbpedia_l2,1,264,63,63,0.7275,0.4753
dbpedia:162,dbpedia,1aa2acf98200618d,written work,dbpedia_l2,0,135,63,63,0.6906,0.4355
dbpedia:163,dbpedia,cc33046a716766f3,person,dbpedia_l2,0,214,63,63,0.6904,0.4924
dbpedia:164,dbpedia,74f266379e4493cf,building,dbpedia_l2,0,147,63,63,0.6738,0.4522
dbpedia:165,dbpedia,d02afc1177089855,football league season,dbpedia_l2,0,225,63,63,0.7244,0.4242
dbpedia:166,dbpedia,77e081b1795955f1,football league season,dbpedia_l2,0,218,63,63,0.7244,0.4242
dbpedia:167,dbpedia,0029b36e4f9dfe18,athlete,dbpedia_l2,0,1285,63,63,0.7476,0.4372
dbpedia:168,dbpedia,a81e354755ffa279,football league season,dbpedia_l2,0,1588,63,63,0.7244,0.4242
dbpedia:169,dbpedia,1cd2249021ef3534,tournament,dbpedia_l2,1,387,63,63,0.7245,0.5151
dbpedia:170,dbpedia,6b246748dc4ce959,legal case,dbpedia_l2,0,602,63,63,0.7059,0.4826
dbpedia:171,dbpedia,7f26a48f48b1c6dc,educational institution,dbpedia_l2,0,2083,63,63,0.6355,0.4326
dbpedia:172,dbpedia,e84373c60ba48769,tower,dbpedia_l2,0,217,63,63,0.7237,0.5109
dbpedia:173,dbpedia,e1296751e9accaac,celestial body,dbpedia_l2,0,122,63,63,0.6248,0.4271
dbpedia:174,dbpedia,86c7c6f040883ddc,writer,dbpedia_l2,0,173,63,63,0.7292,0.4976
dbpedia:175,dbpedia,8a334a17b7c7eea4,animal,dbpedia_l2,0,78,63,63,0.7241,0.461
dbpedia:176,dbpedia,262b91c6df9466e3,cleric,dbpedia_l2,0,2493,63,63,0.671,0.4778
dbpedia:177,dbpedia,14248ebdd90057c2,athlete,dbpedia_l2,0,155,63,63,0.7476,0.4375
dbpedia:178,dbpedia,7d99fe3fd4ee8e43,animal,dbpedia_l2,0,388,63,63,0.6429,0.461
dbpedia:179,dbpedia,4c5cce426d3b0eda,sports event,dbpedia_l2,0,781,63,63,0.8197,0.4178
dbpedia:180,dbpedia,e2dea5157000b4df,person,dbpedia_l2,0,1335,63,63,0.6904,0.4924
dbpedia:181,dbpedia,f961eeced729ef9c,sport facility,dbpedia_l2,0,389,63,63,0.7592,0.4081
dbpedia:182,dbpedia,37aa29043f541b2e,football league season,dbpedia_l2,0,182,63,63,0.8033,0.4242
dbpedia:183,dbpedia,3fa20d04379b61d4,sport facility,dbpedia_l2,0,786,63,63,0.7592,0.4081
dbpedia:184,dbpedia,8a9ef40069db644f,athlete,dbpedia_l2,0,843,63,63,0.7476,0.4374
dbpedia:185,dbpedia,b38bb9e5d56a1816,animal,dbpedia_l2,0,373,63,63,0.7241,0.461
dbpedia:186,dbpedia,28e0af57e1dc1bc9,athlete,dbpedia_l2,0,98,63,63,0.7476,0.4374
dbpedia:187,dbpedia,7db035e3637d7fe2,societal event,dbpedia_l2,0,1279,63,63,0.75,0.4699
dbpedia:188,dbpedia,658684f47d508f9e,athlete,dbpedia_l2,0,128,63,63,0.7476,0.4374
dbpedia:189,dbpedia,34dfa27834e42751,animal,dbpedia_l2,0,460,63,63,0.7241,0.461
dbpedia:190,dbpedia,2a1d3d548b3dd03d,educational institution,dbpedia_l2,0,578,63,63,0.6355,0.4326
dbpedia:191,dbpedia,5a4ea09ad90e5f12,natural event,dbpedia_l2,0,325,63,63,0.6753,0.4342
dbpedia:192,dbpedia,fa59b9ccfda0bf52,societal event,dbpedia_l2,0,708,63,63,0.7315,0.4855
dbpedia:193,dbpedia,128f2b62b8f29405,animal,dbpedia_l2,0,1179,63,63,0.7241,0.461
dbpedia:194,dbpedia,df85d64bf06cae91,sports team,dbpedia_l2,0,197,63,63,0.8197,0.445
dbpedia:195,dbpedia,28d2cd797c9956d8,fictional character,dbpedia_l2,1,313,63,63,0.8021,0.4373
dbpedia:196,dbpedia,513ea6cd737771ad,person,dbpedia_l2,0,1118,63,63,0.6904,0.4924
dbpedia:197,dbpedia,3620a262b34df0a5,societal event,dbpedia_l2,0,980,63,63,0.75,0.4699
dbpedia:198,dbpedia,6982ff4f5d3a003a,athlete,dbpedia_l2,1,2636,63,63,0.7476,0.4374
dbpedia:199,dbpedia,6b9ea9ca22d41e3e,sport facility,dbpedia_l2,0,634,63,63,0.7592,0.4081
mtop:0,mtop,942350ce687214da,replay music,mtop,0,33,63,63,0.8038,0.4094
mtop:1,mtop,1073e582984e4c72,create timer,mtop,0,31,63,63,0.8981,0.409
mtop:2,mtop,b51431ddf4eaaf36,get info recipes,mtop,0,33,63,63,0.7447,0.4267
mtop:3,mtop,f9a5c8ab7beb509f,create call,mtop,0,17,63,63,0.6885,0.4084
mtop:4,mtop,9c84040ed5820aae,create alarm,mtop,0,47,63,63,0.7692,0.3987
mtop:5,mtop,703090cdb3ed3654,delete reminder,mtop,0,53,63,63,0.7566,0.391
mtop:6,mtop,dde40afa9deaee9a,create call,mtop,0,24,63,63,0.7419,0.4084
mtop:7,mtop,23ec05ebe984c761,play music,mtop,0,17,63,63,0.7836,0.4405
mtop:8,mtop,3439d63e6e6e0b5f,get info recipes,mtop,0,47,63,63,0.7447,0.4199
mtop:9,mtop,04422b8b17603b6f,get timer,mtop,0,34,63,63,0.8981,0.4348
mtop:10,mtop,173f0e16e1214fd0,delete timer,mtop,0,24,63,63,0.7996,0.4005
mtop:11,mtop,254a3f40b6f41a41,set rsvp interested,mtop,0,76,63,63,0.8399,0.4114
mtop:12,mtop,7fe050fb9f010b97,create reminder,mtop,0,53,63,63,0.8451,0.4214
mtop:13,mtop,49f51e8e26b8a89c,snooze alarm,mtop,0,25,63,63,0.8002,0.4159
mtop:14,mtop,4b3caf3020bf21f7,set rsvp yes,mtop,0,31,63,63,0.8988,0.4168
mtop:15,mtop,b5b08244660be5a2,create alarm,mtop,0,33,63,63,0.8171,0.396
mtop:16,mtop,f38efa1695ab046d,get reminder,mtop,0,58,63,63,0.87,0.3965
mtop:17,mtop,aefc6c70251c0e1b,rewind music,mtop,0,30,63,63,0.8028,0.4028
mtop:18,mtop,0143a3e4a461fcfd,get stories news,mtop,0,23,63,63,0.6904,0.4436
mtop:19,mtop,047d35f96668f0e6,create alarm,mtop,0,28,63,63,0.749,0.3987
mtop:20,mtop,5e418822dbdbe137,get contact,mtop,0,51,63,63,0.8531,0.4531
mtop:21,mtop,9a7a75c35833fb25,create call,mtop,0,19,63,63,0.6885,0.4084
mtop:22,mtop,7aaed739b433dae9,get event,mtop,0,12,63,63,0.8532,0.4232
mtop:23,mtop,174e2a94bd413bd6,get recipes,mtop,0,23,63,63,0.7588,0.4319
mtop:24,mtop,05af28c0a4003e81,get stories news,mtop,0,23,63,63,0.7066,0.4436
mtop:25,mtop,bf8f489a75ac0f93,get availability,mtop,0,19,63,63,0.618,0.4195
mtop:26,mtop,293439e775b6a88c,weather,mtop,1,85,63,63,0.6612,0.4805
mtop:27,mtop,781933971fdaca04,create call,mtop,0,18,63,63,0.675,0.4116
mtop:28,mtop,486b5f50288070a5,get employment time,mtop,0,42,63,63,0.7919,0.3897
mtop:29,mtop,d52d06d808526709,create reminder,mtop,0,79,63,63,0.8451,0.4214
mtop:30,mtop,42e5db17f47e4d8f,weather,mtop,0,29,63,63,0.6612,0.4806
mtop:31,mtop,a41333fb15dc7790,pause timer,mtop,0,19,63,63,0.8065,0.4352
mtop:32,mtop,754b1dfa7805e440,weather,mtop,0,35,63,63,0.6612,0.4805
mtop:33,mtop,afb666e75c5e98dd,create call,mtop,0,37,63,63,0.7471,0.4224
mtop:34,mtop,afe9fad7c3a8b889,create reminder,mtop,0,27,63,63,0.8451,0.4214
mtop:35,mtop,ade4bae1a5c35e44,get recipes,mtop,0,39,63,63,0.6991,0.4263
mtop:36,mtop,c99ca2f6f22ff903,create alarm,mtop,0,38,63,63,0.749,0.3987
mtop:37,mtop,b7e696974c6f3039,weather,mtop,1,54,63,63,0.6612,0.482
mtop:38,mtop,be89c8a5e2b1519e,weather,mtop,0,30,63,63,0.7562,0.482
mtop:39,mtop,9f3cabf46a7ef4bc,get stories news,mtop,0,20,63,63,0.6426,0.4436
mtop:40,mtop,29d4f4f68e75d52e,create reminder,mtop,0,63,63,63,0.9422,0.4214
mtop:41,mtop,5115e4d09c473ca6,delete alarm,mtop,0,15,63,63,0.7884,0.3751
mtop:42,mtop,7976d87a2938f8ea,send message,mtop,0,63,63,63,0.7233,0.4225
mtop:43,mtop,913fb85df19dcfa8,get recipes,mtop,0,52,63,63,0.6991,0.4263
mtop:44,mtop,32d67518386c3089,create reminder,mtop,0,81,63,63,0.8451,0.4214
mtop:45,mtop,282de128dd325eca,get message contact,mtop,0,49,63,63,0.8131,0.4116
mtop:46,mtop,67391e14dfe3fbe7,get alarm,mtop,0,26,63,63,0.7433,0.4466
mtop:47,mtop,f74468f8d45a96a9,get recipes,mtop,0,27,63,63,0.6991,0.4319
mtop:48,mtop,5615fd0143d8d3e6,get info recipes,mtop,0,38,63,63,0.9022,0.4199
mtop:49,mtop,0e56a7f25a4df16e,create alarm,mtop,0,20,63,63,0.749,0.3987
mtop:50,mtop,b50bd1734bc56587,weather,mtop,1,34,63,63,0.6612,0.4805
mtop:51,mtop,0f51e847b8cb76aa,create reminder,mtop,0,64,63,63,0.8451,0.4214
mtop:52,mtop,a02513879bfb6907,delete alarm,mtop,0,38,63,63,0.7884,0.3751
mtop:53,mtop,debf73dbff1513b9,create reminder,mtop,0,68,63,63,0.8451,0.4214
mtop:54,mtop,32846c00c80e1553,weather,mtop,0,40,63,63,0.7562,0.4828
mtop:55,mtop,e5ae8e106a34faca,update reminder date time,mtop,0,32,63,63,0.8348,0.4137
mtop:56,mtop,9d39afdf55b0ee76,get info recipes,mtop,0,35,63,63,0.9022,0.4199
mtop:57,mtop,7fbb384f3a45335e,get event,mtop,0,22,63,63,0.8532,0.4232
mtop:58,mtop,30ba7f4ab88ba662,get timer,mtop,0,34,63,63,0.8981,0.4345
mtop:59,mtop,2b925f849ffe4690,get call,mtop,0,43,63,63,0.7471,0.4517
mtop:60,mtop,2ebca3b5a2baca00,weather,mtop,1,32,63,63,0.6612,0.4805
mtop:61,mtop,2099ae53e8eb3d2d,end call,mtop,0,15,63,63,0.705,0.4334
mtop:62,mtop,7ff82faaa3a88481,is true recipes,mtop,0,27,63,63,0.7588,0.4181
mtop:63,mtop,06f7a7445fb83275,create reminder,mtop,0,41,63,63,0.8209,0.4073
mtop:64,mtop,bf7cbf0a34d29986,is true recipes,mtop,0,35,63,63,0.7447,0.4081
mtop:65,mtop,28264b651f8f4d0e,send message,mtop,0,37,63,63,0.6554,0.4214
mtop:66,mtop,c1f5b987b54a658d,get employer,mtop,0,34,63,63,0.7919,0.4295
mtop:67,mtop,5202d10a52b223b2,play music,mtop,0,16,63,63,0.7495,0.439
mtop:68,mtop,2f20f6f5bff24f9c,weather,mtop,1,30,63,63,0.6612,0.4806
mtop:69,mtop,485b69d655b9798e,weather,mtop,1,38,63,63,0.6612,0.4805
mtop:70,mtop,50f313852a1e9771,create reminder,mtop,0,29,63,63,0.8451,0.4214
mtop:71,mtop,04002551c18fa0f6,update method call,mtop,0,31,63,63,0.8901,0.4061
mtop:72,mtop,2614ba6599f6f9a9,set default provider calling,mtop,0,73,63,63,0.6416,0.3796
mtop:73,mtop,893e5009f05d62bf,get stories news,mtop,0,50,63,63,0.6426,0.4436
mtop:74,mtop,892d3374eae75df7,answer call,mtop,0,17,63,63,0.766,0.4571
mtop:75,mtop,22f1485b7594ca74,create alarm,mtop,1,21,63,63,0.8094,0.3987
mtop:76,mtop,d0519838a99629ba,create playlist music,mtop,0,23,63,63,0.7851,0.3912
mtop:77,mtop,e99d27a696b181f1,create alarm,mtop,0,23,63,63,0.7692,0.3987
mtop:78,mtop,619f2ac2480559fa,get location,mtop,0,23,63,63,0.7854,0.419
mtop:79,mtop,ed26008f27a93aff,weather,mtop,0,34,63,63,0.6612,0.4805
mtop:80,mtop,90f3fb7e247e155f,create alarm,mtop,0,22,63,63,0.749,0.3987
mtop:81,mtop,44e4b5577c7d9216,get info recipes,mtop,0,33,63,63,0.9022,0.4267
mtop:82,mtop,3a3bab13350438c2,stop music,mtop,0,9,63,63,0.7455,0.4121
mtop:83,mtop,f59b5c2e6c2545ff,create call,mtop,0,28,63,63,0.7419,0.4084
mtop:84,mtop,58f51445c4f52be1,create reminder,mtop,0,55,63,63,0.8451,0.4214
mtop:85,mtop,9e2269de1b853dea,stop music,mtop,0,39,63,63,0.7509,0.4121
mtop:86,mtop,fbe94590a8a73a12,hold call,mtop,0,23,63,63,0.6593,0.4381
mtop:87,mtop,ad5a15010068cf29,get reminder,mtop,0,64,63,63,0.8467,0.4157
mtop:88,mtop,438c7c8a88ea748e,get info recipes,mtop,0,45,63,63,0.9022,0.4199
mtop:89,mtop,f4adfe97ed8318ad,get contact,mtop,0,33,63,63,0.8174,0.4565
mtop:90,mtop,1929c36080a3362e,get message,mtop,0,36,63,63,0.7233,0.4459
mtop:91,mtop,8178c5d0d58e4e02,create reminder,mtop,0,22,63,63,0.8451,0.4214
mtop:92,mtop,966fecdecdb42d17,play music,mtop,0,24,63,63,0.7495,0.4401
mtop:93,mtop,2280d04e15fbbe2a,get event,mtop,0,29,63,63,0.8532,0.4232
mtop:94,mtop,5ecfed26dd17dcee,create call,mtop,0,40,63,63,0.6885,0.4084
mtop:95,mtop,c36840534317b640,get education time,mtop,0,36,63,63,0.7945,0.4288
mtop:96,mtop,9fbe313cc9a0dba6,create reminder,mtop,0,65,63,63,0.8209,0.4073
mtop:97,mtop,4ce870c7de38264b,set rsvp no,mtop,0,41,63,63,0.8988,0.4142
mtop:98,mtop,9236157512599fe4,weather,mtop,1,31,63,63,0.6612,0.482
mtop:99,mtop,8739b507c68c6d3a,get track info music,mtop,0,21,63,63,0.7579,0.4038
mtop:100,mtop,7f11f1ac9622c4a4,update reminder date time,mtop,0,67,63,63,0.8951,0.4137
mtop:101,mtop,84f14100f5866f07,get stories news,mtop,0,43,63,63,0.7392,0.4436
mtop:102,mtop,244a878e791b0a1b,get info contact,mtop,0,16,63,63,0.8531,0.4862
mtop:103,mtop,60eb1e0981eadfb1,get info recipes,mtop,0,30,63,63,0.7447,0.4199
mtop:104,mtop,6523260e3e13e411,create timer,mtop,0,23,63,63,0.8238,0.409
mtop:105,mtop,0f0d44fdf37fc5a8,create reminder,mtop,0,46,63,63,0.8451,0.4214
mtop:106,mtop,3561a40d17f473f1,create playlist music,mtop,0,25,63,63,0.7661,0.3912
mtop:107,mtop,afe56c2f20059c7b,get contact,mtop,0,19,63,63,0.8531,0.4506
mtop:108,mtop,d5b718035d4a2e9f,send message,mtop,0,45,63,63,0.6711,0.4215
mtop:109,mtop,db8d27405a239f29,get contact,mtop,0,36,63,63,0.8531,0.4644
mtop:110,mtop,cc3c03bd9dc21674,get info recipes,mtop,0,88,63,63,0.9022,0.4199
mtop:111,mtop,82abc42182594677,create reminder,mtop,0,48,63,63,0.8451,0.4214
mtop:112,mtop,feb18b33bf7c893b,delete reminder,mtop,0,67,63,63,0.7791,0.391
mtop:113,mtop,9c98ec7f80470f57,get contact,mtop,0,66,63,63,0.8174,0.4531
mtop:114,mtop,1815b7757a48be87,create alarm,mtop,0,39,63,63,0.8171,0.3987
mtop:115,mtop,3fec957d24ce5c10,create reminder,mtop,0,80,63,63,0.8209,0.4073
mtop:116,mtop,6dbd55345f67f24e,weather,mtop,0,35,63,63,0.6612,0.4801
mtop:117,mtop,9923e171bcb2fff2,get event,mtop,0,34,63,63,0.7835,0.4232
mtop:118,mtop,4388b4e886beafef,weather,mtop,1,54,63,63,0.6612,0.482
mtop:119,mtop,5228efe8f3eed6d9,get event,mtop,0,52,63,63,0.8532,0.4232
mtop:120,mtop,220c2d71a51ce817,get employer,mtop,0,26,63,63,0.8081,0.4295
mtop:121,mtop,d3c93c27ea40313b,question news,mtop,0,43,63,63,0.7392,0.4586
mtop:122,mtop,d0520a5b53d0a007,get stories news,mtop,0,36,63,63,0.6426,0.4436
mtop:123,mtop,e942e9738475b87e,create timer,mtop,0,84,63,63,0.8238,0.409
mtop:124,mtop,8890119aa09a23d2,create reminder,mtop,0,36,63,63,0.8209,0.4073
mtop:125,mtop,71c7c5090752dafb,get contact,mtop,0,33,63,63,0.8531,0.4617
mtop:126,mtop,ec38204502b71a65,weather,mtop,0,67,63,63,0.7562,0.482
mtop:127,mtop,d617a66200814684,create call,mtop,0,24,63,63,0.6885,0.4084
mtop:128,mtop,75b32f1846b71970,switch call,mtop,0,25,63,63,0.7079,0.438
mtop:129,mtop,a6248e4dcca18d68,set unavailable,mtop,0,19,63,63,0.6255,0.4339
mtop:130,mtop,1c5bb830da09ac7e,get info recipes,mtop,0,42,63,63,0.9022,0.4199
mtop:131,mtop,ff88f0642edce1b9,get reminder,mtop,0,45,63,63,0.8379,0.3942
mtop:132,mtop,6558263af9c48a79,get location,mtop,0,19,63,63,0.7854,0.419
mtop:133,mtop,c739e3275534d6e2,create call,mtop,0,26,63,63,0.7471,0.4105
mtop:134,mtop,cbc278592a475572,create call,mtop,0,20,63,63,0.6885,0.4105
mtop:135,mtop,3e029802f81621b5,create call,mtop,0,11,63,63,0.6885,0.4105
mtop:136,mtop,43e6d3c5ad520b45,send message,mtop,0,34,63,63,0.6711,0.4231
mtop:137,mtop,597e6074b4d3e459,get stories news,mtop,0,43,63,63,0.7803,0.4436
mtop:138,mtop,df8c4baadc983883,get employer,mtop,0,33,63,63,0.8081,0.4295
mtop:139,mtop,236dd9cc1e61c503,create call,mtop,0,17,63,63,0.6885,0.4084
mtop:140,mtop,23ebd7e12de1d81e,create reminder,mtop,0,51,63,63,0.8451,0.4214
mtop:141,mtop,bac132ee00315293,get location,mtop,0,26,63,63,0.7854,0.419
mtop:142,mtop,398ab8f3fc053916,play music,mtop,0,29,63,63,0.7836,0.4355
mtop:143,mtop,1043553929321e76,weather,mtop,0,51,63,63,0.6612,0.4805
mtop:144,mtop,6655409a6a183c81,get reminder,mtop,0,57,63,63,0.8373,0.3965
mtop:145,mtop,407fac0d523ff00c,get availability,mtop,0,20,63,63,0.618,0.4195
mtop:146,mtop,29a1735a4d4b1a6d,question news,mtop,0,41,63,63,0.7392,0.4611
mtop:147,mtop,f504ab5b91dba473,weather,mtop,1,49,63,63,0.6612,0.4806
mtop:148,mtop,65c151960ceba681,send message,mtop,0,51,63,63,0.7233,0.4232
mtop:149,mtop,6acd9467da4d221f,get stories news,mtop,0,31,63,63,0.6904,0.4436
mtop:150,mtop,fb9be3b3922633b2,create timer,mtop,0,29,63,63,0.8238,0.409
mtop:151,mtop,4630510122d366a3,silence alarm,mtop,0,30,63,63,0.7433,0.3821
mtop:152,mtop,50f977ad86283d4d,create call,mtop,0,20,63,63,0.6885,0.4105
mtop:153,mtop,1f089b5ab39bc70f,get recipes,mtop,0,46,63,63,0.6991,0.4319
mtop:154,mtop,e37446904a0b48df,weather,mtop,1,39,63,63,0.6612,0.4806
mtop:155,mtop,c906857d875a5b6a,create reminder,mtop,0,50,63,63,0.8451,0.4214
mtop:156,mtop,a38a9af6ca1aae3f,send message,mtop,0,51,63,63,0.6711,0.4232
mtop:157,mtop,bae4f9a4a5ca4cd3,create reminder,mtop,0,35,63,63,0.8451,0.4214
mtop:158,mtop,1353d2e340229e31,create alarm,mtop,0,43,63,63,0.7692,0.4031
mtop:159,mtop,5557672273d0d439,create reminder,mtop,0,57,63,63,0.8209,0.4073
mtop:160,mtop,1f68ce5cf41b276b,send message,mtop,0,58,63,63,0.7233,0.4231
mtop:161,mtop,a20894c341b3ebb8,create timer,mtop,0,26,63,63,0.8238,0.409
mtop:162,mtop,43119efd170283ae,get contact,mtop,0,34,63,63,0.8531,0.4617
mtop:163,mtop,76fdcaa409f73dc4,get stories news,mtop,0,61,63,63,0.6426,0.4436
mtop:164,mtop,27a9454c00302900,get timer,mtop,0,38,63,63,0.8981,0.4345
mtop:165,mtop,f6e6262de47b3617,create call,mtop,0,28,63,63,0.7419,0.4105
mtop:166,mtop,b0de20b9e860f669,pause timer,mtop,0,40,63,63,0.8562,0.4352
mtop:167,mtop,c1a741be5ab66170,create reminder,mtop,0,71,63,63,0.8451,0.4214
mtop:168,mtop,cab0a97f0df8e312,create call,mtop,0,25,63,63,0.675,0.4105
mtop:169,mtop,0433b4172c83f291,create call,mtop,0,9,63,63,0.6885,0.4105
mtop:170,mtop,6598ba87435aba2d,get event,mtop,0,44,63,63,0.8532,0.4233
mtop:171,mtop,793179b62f6cda03,send message,mtop,0,38,63,63,0.6554,0.4215
mtop:172,mtop,b5e1e4707e5fc109,weather,mtop,0,47,63,63,0.6612,0.4801
mtop:173,mtop,77a81572f1b6df4d,delete reminder,mtop,0,30,63,63,0.7791,0.391
mtop:174,mtop,b46e0dc1b6a5368a,create call,mtop,0,35,63,63,0.7471,0.4185
mtop:175,mtop,a4d8403a6bf5007a,create reminder,mtop,0,99,63,63,0.9422,0.4214
mtop:176,mtop,ff5b5ffb9a9afdc4,get availability,mtop,0,35,63,63,0.618,0.4195
mtop:177,mtop,827cb11b603f37a9,is true recipes,mtop,0,38,63,63,0.6212,0.4053
mtop:178,mtop,3a24524448380e9b,create alarm,mtop,0,33,63,63,0.7692,0.3987
mtop:179,mtop,80de289bd43ebd19,play music,mtop,0,12,63,63,0.7836,0.439
mtop:180,mtop,9a0250846caa7fbb,create reminder,mtop,0,35,63,63,0.8451,0.4214
mtop:181,mtop,8bb0c08f8f3f4c92,get event,mtop,0,27,63,63,0.8532,0.4233
mtop:182,mtop,c0e77586f7b5d4f9,get stories news,mtop,0,25,63,63,0.6426,0.4436
mtop:183,mtop,9b9fd2fe9224388b,create call,mtop,1,66,63,63,0.6885,0.4105
mtop:184,mtop,c36eca89f79bdd2a,create call,mtop,0,30,63,63,0.675,0.4105
mtop:185,mtop,e2ce2d8cd45e7933,get education time,mtop,0,49,63,63,0.7945,0.4288
mtop:186,mtop,54833be24af034a6,get reminder,mtop,0,53,63,63,0.8379,0.3954
mtop:187,mtop,c47e5c4672194315,update reminder date time,mtop,0,65,63,63,0.8951,0.4137
mtop:188,mtop,54706602e3ff44c8,add time timer,mtop,0,31,63,63,0.8553,0.4266
mtop:189,mtop,2b9208a5f5ec895d,get info recipes,mtop,0,39,63,63,0.7447,0.4199
mtop:190,mtop,ed10528d3053b57b,snooze alarm,mtop,0,45,63,63,0.7265,0.4159
mtop:191,mtop,be0713aef8ab17a6,get stories news,mtop,0,45,63,63,0.6426,0.4436
mtop:192,mtop,7ee50f9d424110b6,end call,mtop,0,22,63,63,0.7153,0.4334
mtop:193,mtop,b27fe1e786d2e82d,get alarm,mtop,0,40,63,63,0.8002,0.446
mtop:194,mtop,00b08873ec6f1176,get message,mtop,0,40,63,63,0.7213,0.4459
mtop:195,mtop,b37f7630a7ccda89,get call,mtop,0,30,63,63,0.7951,0.4517
mtop:196,mtop,a94c1d4120a8fe20,send message,mtop,0,26,63,63,0.6711,0.4231
mtop:197,mtop,680326131fe68ee2,delete reminder,mtop,0,29,63,63,0.7566,0.391
mtop:198,mtop,e67e481bc4cb82f7,get event,mtop,0,33,63,63,0.8532,0.4232
mtop:199,mtop,151ff2c3a1c0cb37,stop music,mtop,0,22,63,63,0.7509,0.4105
